02/03/17	9:35 pm	shobhit	me ke 4 vale ki pic bejj do
02/03/17	9:35 pm	psit shivam tripathi	ok
02/03/17	9:35 pm	shobhit	lath machine
02/03/17	9:37 pm	shobhit	thnxx
02/03/17	9:38 pm	psit shivam tripathi	laat marenge ab
02/03/17	9:38 pm	psit shivam tripathi	lathe machine se pehle
02/03/17	9:38 pm	psit shivam tripathi	kal milna
02/03/17	9:38 pm	shobhit	kyo
02/03/17	9:39 pm	psit shivam tripathi	majaak kar rhe
02/03/17	9:39 pm	shobhit	ok
02/03/17	9:39 pm	shobhit	fr tik h
02/03/17	9:39 pm	shobhit	nhi to hmm kal gola marr dete
02/03/17	9:44 pm	shobhit	greedy algo dakk lo
02/03/17	9:44 pm	psit shivam tripathi	ok
02/03/17	9:53 pm	shobhit	kya din bhr phn liye rahte ho
02/03/17	9:54 pm	shobhit	alwys online
02/03/17	9:55 pm	psit shivam tripathi	nahi
02/03/17	9:55 pm	psit shivam tripathi	tum shanti se so jao
02/03/17	9:55 pm	psit shivam tripathi	tu tu ho raha hai phone har 2 min me
03/03/17	6:42 am	shobhit	oh
08/03/17	8:46 pm	shobhit	pc ka wrk kiya hh kya
08/03/17	8:58 pm	psit shivam tripathi	no
08/03/17	8:59 pm	shobhit	ok
12/03/17	10:03 pm	shobhit	no matr what
12/03/17	10:28 pm	psit shivam tripathi	happy holi patel ji
12/03/17	10:29 pm	shobhit	same to u
08/04/17	6:34 pm	shobhit	progm bannay
08/04/17	6:34 pm	psit shivam tripathi	abhi so rahe 9 baje tak banaunga
08/04/17	6:34 pm	shobhit	ok
08/04/17	6:34 pm	shobhit	agr bann jay to msg kr dena
08/04/17	6:34 pm	psit shivam tripathi	ok
08/04/17	9:55 pm	shobhit	kiya kutch
08/04/17	9:56 pm	psit shivam tripathi	haan kar rahe
08/04/17	9:56 pm	psit shivam tripathi	tumhara solution galat hi
08/04/17	9:56 pm	psit shivam tripathi	hamko smallest no of possible flips nikaalna hai
08/04/17	9:56 pm	shobhit	kya
08/04/17	9:56 pm	psit shivam tripathi	ek line se loop chalane pe smallest no of possible flips nahi mil raha
08/04/17	9:57 pm	shobhit	oh
08/04/17	9:57 pm	shobhit	to koi or method samj aay kya
08/04/17	9:57 pm	psit shivam tripathi	laga kar dekh raha hu
08/04/17	9:58 pm	psit shivam tripathi	lag jayega toh bata dunha
08/04/17	9:58 pm	shobhit	ok
08/04/17	10:31 pm	shobhit	i think ho gy hh
08/04/17	10:31 pm	shobhit	hmm code bejj rhe h chek karo
08/04/17	10:32 pm	psit shivam tripathi	ok
08/04/17	10:41 pm	shobhit	example program
08/04/17	10:41 pm	shobhit	http cpp sh
08/04/17	10:41 pm	shobhit	iss site pe run kr lo
08/04/17	10:43 pm	psit shivam tripathi	dekhta hu
08/04/17	10:47 pm	psit shivam tripathi	run kar raha
08/04/17	10:48 pm	shobhit	ok hmm tidy number dakte hh
08/04/17	10:49 pm	psit shivam tripathi	output toh sahi de raha hai
08/04/17	10:49 pm	shobhit	hmm
08/04/17	10:49 pm	shobhit	ista matlb sahi h
08/04/17	10:49 pm	psit shivam tripathi	haan
08/04/17	10:51 pm	shobhit	to ab tidy nubr
08/04/17	10:51 pm	shobhit	ya ishi ko or chek karo ge
08/04/17	10:51 pm	psit shivam tripathi	dekhte hai
08/04/17	10:51 pm	psit shivam tripathi	academics ka bhi padhna hai yaar
08/04/17	10:51 pm	psit shivam tripathi	pu aane wale
08/04/17	10:52 pm	shobhit	hmk
09/04/17	1:31 pm	psit shivam tripathi	submit kiya tha
09/04/17	1:31 pm	psit shivam tripathi	khatm ho gaya
09/04/17	2:08 pm	shobhit	no
09/04/17	2:08 pm	psit shivam tripathi	sahi hai
09/04/17	2:08 pm	shobhit	tumne manna kr diya to hmm ne bi nhi kiya
09/04/17	2:08 pm	psit shivam tripathi	khatm ho gaya time
09/04/17	2:09 pm	shobhit	hmm
09/04/17	2:09 pm	psit shivam tripathi	koi baat nahi hai
09/04/17	2:09 pm	psit shivam tripathi	agli baar poori taiyari se karenge
09/04/17	2:09 pm	shobhit	ha
09/04/17	2:09 pm	psit shivam tripathi	agle saal hoga ab ya kuchh mahine baad phir se
09/04/17	2:09 pm	shobhit	sayd next yr
09/04/17	2:10 pm	shobhit	ha
27/07/18	10:59 pm	shobhit	yr java yr java kr diss sb aaj
27/07/18	11:42 pm	shobhit	btao kya kiya jay
27/07/18	11:42 pm	psit shivam tripathi	havkerrrank pe coding karo
27/07/18	11:42 pm	shobhit	sonam
27/07/18	11:42 pm	psit shivam tripathi	bewafa hai
27/07/18	11:43 pm	shobhit	model online run kiye h
27/07/18	11:43 pm	shobhit	kissi cloud pe
27/07/18	11:44 pm	shobhit	ibm or google
27/07/18	11:44 pm	psit shivam tripathi	no
27/07/18	11:44 pm	shobhit	ok
27/07/18	11:44 pm	shobhit	vo eclipse ho rha h na
27/07/18	11:44 pm	shobhit	abhi
27/07/18	11:45 pm	psit shivam tripathi	acha
27/07/18	11:45 pm	psit shivam tripathi	real wala
27/07/18	11:45 pm	psit shivam tripathi	this message was deleted
27/07/18	11:45 pm	psit shivam tripathi	lunar eclipse
27/07/18	11:45 pm	shobhit	ha vahi
27/07/18	11:46 pm	psit shivam tripathi	yaha dekhne ko nahi milega
27/07/18	11:46 pm	shobhit	kyo
27/07/18	11:46 pm	psit shivam tripathi	news me padha
27/07/18	11:46 pm	shobhit	nhi
27/07/18	11:48 pm	shobhit	kya h
27/07/18	11:48 pm	psit shivam tripathi	nasa confirmed
27/07/18	11:49 pm	psit shivam tripathi	india me visible nahi hoga
27/07/18	11:49 pm	shobhit	oh
27/07/18	11:49 pm	shobhit	to fr ab kaise transform hoge
27/07/18	11:49 pm	shobhit	online dakh ke
28/07/18	9:49 am	shobhit	happy birthday bhai
08/08/18	10:31 pm	shobhit	1 hua
08/08/18	10:31 pm	shobhit	code chef ka
08/08/18	11:05 pm	psit shivam tripathi	nahi bhai
08/08/18	11:05 pm	psit shivam tripathi	abhi karta hu
08/08/18	11:09 pm	shobhit	ok
09/08/18	12:37 am	shobhit	hua
09/08/18	12:37 am	psit shivam tripathi	abhi kiya nahi
09/08/18	12:37 am	shobhit	are
09/08/18	12:37 am	psit shivam tripathi	time nahi mil raha
09/08/18	12:38 am	shobhit	kahe kya kr rhe ho
09/08/18	12:38 am	psit shivam tripathi	tum koi aur try karo
09/08/18	12:38 am	shobhit	4 kare
09/08/18	12:38 am	psit shivam tripathi	kar lo
09/08/18	12:38 am	psit shivam tripathi	coordinate compression ki language samjha do
09/08/18	12:38 am	psit shivam tripathi	pata nahi kya ho raha hai usme
09/08/18	12:39 am	shobhit	acha vahi dakhte h
09/08/18	12:39 am	shobhit	4 ke baad
09/08/18	12:40 am	psit shivam tripathi	haan
09/08/18	12:40 am	psit shivam tripathi	3rd hua tha mera and 4th me 50 100
09/08/18	12:43 am	shobhit	gazb
09/08/18	1:33 am	psit shivam tripathi	ho gaya
09/08/18	1:33 am	psit shivam tripathi	pehla
09/08/18	2:01 am	shobhit	b and o count kiye hoge
09/08/18	2:03 am	psit shivam tripathi	kal baat karte hai class me
09/08/18	2:06 am	shobhit	ok
13/08/18	7:55 pm	shobhit	are iiti jaldi
14/08/18	6:05 am	shobhit	example program
14/08/18	6:06 am	shobhit	50 hi result aa rha h last 2 galt
14/08/18	7:24 am	psit shivam tripathi	mod wale fn me
14/08/18	7:24 am	psit shivam tripathi	a ki range 10 12 hai last 2 test cases me
14/08/18	7:24 am	psit shivam tripathi	overflow ho jayega us step pe
14/08/18	7:33 am	shobhit	to kya kare
14/08/18	7:37 am	psit shivam tripathi	college ke liye ready ho jao
14/08/18	7:37 am	psit shivam tripathi	chuppe chaap
14/08/18	7:38 am	psit shivam tripathi	use int arrays and perform squaring
14/08/18	7:38 am	psit shivam tripathi	or use
14/08/18	7:38 am	psit shivam tripathi	int 132 as data type
14/08/18	7:39 am	shobhit	frgi ke tarike mt batao
14/08/18	7:39 am	shobhit	ha ye sahi lagg rha h
14/08/18	7:39 am	psit shivam tripathi	achha tareeka hai
14/08/18	7:42 am	shobhit	yahi kiye te ky
14/08/18	7:55 am	psit shivam tripathi	haan
14/08/18	7:55 am	psit shivam tripathi	net pe dekha tha large int ke liye
14/08/18	7:55 am	psit shivam tripathi	long long int dikha raha tha
14/08/18	7:55 am	psit shivam tripathi	usse kaam nahi ban rhaa yha
14/08/18	7:55 am	psit shivam tripathi	int 132 toh kal editorial me dekh ke pata chala
15/08/18	3:53 am	shobhit	sooy jao
15/08/18	3:53 am	psit shivam tripathi	ja rahe
15/08/18	3:54 am	shobhit	you deleted this message
15/08/18	3:55 am	psit shivam tripathi	subah nikal jaoge
15/08/18	3:55 am	psit shivam tripathi	uthte hi
15/08/18	3:56 am	shobhit	ha
15/08/18	3:56 am	shobhit	vahi
15/08/18	3:56 am	psit shivam tripathi	chalo phir
15/08/18	3:56 am	psit shivam tripathi	gn
15/08/18	3:56 am	shobhit	gn bhai
19/08/18	6:58 pm	psit shivam tripathi	9 30 12 00 cookoff
19/08/18	7:00 pm	shobhit	bull gy te
19/08/18	7:18 pm	psit shivam tripathi	bull gaye the
20/08/18	12:05 am	psit shivam tripathi	nahi diye
20/08/18	12:05 am	psit shivam tripathi	tum
20/08/18	6:05 am	shobhit	na
20/08/18	6:05 am	shobhit	yumhe kaise pta
21/08/18	11:54 pm	shobhit	dakha kon si best hm
21/08/18	11:54 pm	shobhit	obj detect ke liye
21/08/18	11:54 pm	psit shivam tripathi	nahi
21/08/18	11:55 pm	shobhit	dakh lo
21/08/18	11:55 pm	shobhit	kamm aayga
21/08/18	11:55 pm	psit shivam tripathi	busy hai abhi
21/08/18	11:55 pm	shobhit	aakele rahite ho na
21/08/18	11:56 pm	shobhit	fr kaise busy
21/08/18	11:56 pm	psit shivam tripathi	khaali thodi baithe rehte hai bhai
21/08/18	11:56 pm	shobhit	acha
21/08/18	11:56 pm	shobhit	tik h
21/08/18	11:57 pm	shobhit	mazzak kr rhe h
22/08/18	9:57 am	shobhit	bsnl ka sim kitne ka h
22/08/18	9:57 am	shobhit	new lene me
22/08/18	11:33 am	psit shivam tripathi	ham benchte hai kya bhai
22/08/18	11:34 am	shobhit	are matlb kitne ka liya ta
22/08/18	11:34 am	shobhit	pahile
22/08/18	11:35 am	psit shivam tripathi	bhai 2013 me liya tha
22/08/18	11:35 am	shobhit	acha
25/08/18	10:52 pm	shobhit	codechef me solution kaha dikthata h
25/08/18	11:24 pm	psit shivam tripathi	kiska solution dekhna hai
25/08/18	11:24 pm	psit shivam tripathi	problem ke bagal me dikhata hai all submissions
25/08/18	11:24 pm	psit shivam tripathi	jiska dekhna ho dekh lo
25/08/18	11:25 pm	shobhit	ok
04/09/18	12:26 am	psit shivam tripathi	puri road construction me hai toh chale kaise aage
04/09/18	12:46 am	shobhit	paidal
04/09/18	9:21 pm	shobhit	you deleted this message
04/09/18	9:26 pm	shobhit	padlo kal assignment h
04/09/18	9:37 pm	shobhit	utt gy
08/09/18	1:07 am	shobhit	2 hua
08/09/18	1:08 am	psit shivam tripathi	5th kar raha hhu
08/09/18	1:08 am	shobhit	acha 4 hua
08/09/18	1:08 am	psit shivam tripathi	first 4 ques last me karenge
08/09/18	1:08 am	shobhit	ok
08/09/18	1:08 am	psit shivam tripathi	har baar 3 kar lete hai
08/09/18	1:08 am	shobhit	ok
08/09/18	1:08 am	psit shivam tripathi	iss bar bdhiya wale pehle karenge
08/09/18	1:08 am	psit shivam tripathi	tum bhi padh ke dekho 5th
08/09/18	1:09 am	psit shivam tripathi	achha lagega
08/09/18	1:09 am	shobhit	bad shuffle
08/09/18	1:09 am	psit shivam tripathi	ha
08/09/18	1:09 am	shobhit	ok
08/09/18	1:16 am	shobhit	kahh kya rha h question me
08/09/18	1:17 am	psit shivam tripathi	ek hi input hai
08/09/18	1:17 am	psit shivam tripathi	ek hi number
08/09/18	1:17 am	psit shivam tripathi	aur 2 permutations print karne hai
08/09/18	1:17 am	psit shivam tripathi	ek jiski probability max hai
08/09/18	1:17 am	psit shivam tripathi	ek jiski min hai
08/09/18	1:17 am	shobhit	probability
08/09/18	1:18 am	psit shivam tripathi	maine abhi yeh banaya samajhne ke liye
08/09/18	1:18 am	shobhit	ok
08/09/18	1:18 am	shobhit	very good boy
08/09/18	1:18 am	psit shivam tripathi	bada hi ajeeb sawaal hai
08/09/18	1:19 am	psit shivam tripathi	lekin 20 marks mil jayenge
08/09/18	1:19 am	shobhit	ha
08/09/18	1:19 am	psit shivam tripathi	n ki 7 value tak chala denge
08/09/18	1:19 am	shobhit	mtlb
08/09/18	1:19 am	shobhit	acha ha smj gy
08/09/18	1:19 am	shobhit	ha smj gu
08/09/18	1:28 am	shobhit	bhai do use hogi
08/09/18	1:28 am	shobhit	matrix banegi n n ki
08/09/18	1:28 am	shobhit	dp
08/09/18	1:28 am	psit shivam tripathi	yes
08/09/18	1:29 am	psit shivam tripathi	aise hi hona chahiye
08/09/18	1:29 am	psit shivam tripathi	achha idea diya tumne
08/09/18	1:29 am	psit shivam tripathi	abhi tak ham jugaad laga rhe the
08/09/18	1:29 am	shobhit	chahiye chahiye
08/09/18	1:29 am	shobhit	kya chahiye
08/09/18	1:29 am	shobhit	thanks
08/09/18	1:29 am	psit shivam tripathi	webtech wala bolta hai na
08/09/18	1:30 am	psit shivam tripathi	chahiye chahiye
08/09/18	1:30 am	shobhit	ha
08/09/18	1:30 am	shobhit	but mujhe dp nhi aati ache se
08/09/18	1:30 am	psit shivam tripathi	mujhe bhi
08/09/18	1:30 am	psit shivam tripathi	seekh lenge
08/09/18	1:30 am	psit shivam tripathi	10 din hai
08/09/18	1:30 am	shobhit	to ab sikhte h pahile
08/09/18	1:30 am	psit shivam tripathi	isi liye diye hai
08/09/18	1:31 am	shobhit	badiya saval h
08/09/18	1:31 am	psit shivam tripathi	ok
09/09/18	1:25 am	shobhit	hua vo
09/09/18	1:25 am	psit shivam tripathi	kaun sa
09/09/18	1:25 am	shobhit	4
09/09/18	1:25 am	shobhit	kr rhe te na
09/09/18	1:25 am	psit shivam tripathi	partially accept hua
09/09/18	1:25 am	psit shivam tripathi	20 marks
09/09/18	1:25 am	shobhit	dp
09/09/18	1:26 am	psit shivam tripathi	no dp
09/09/18	1:26 am	shobhit	ok
09/09/18	1:26 am	psit shivam tripathi	rishabh nishad ne kar liya hai full
09/09/18	1:26 am	psit shivam tripathi	voh bata rhaa
09/09/18	1:26 am	psit shivam tripathi	sirf basic logic hai
09/09/18	1:26 am	psit shivam tripathi	pattern samajh ke ho jayega
09/09/18	1:26 am	shobhit	acha
09/09/18	1:26 am	psit shivam tripathi	bahut easy hai
09/09/18	1:26 am	psit shivam tripathi	toh ham vahi dhundhne me lage hai pattern
09/09/18	9:19 am	psit shivam tripathi	this message was deleted
09/09/18	9:20 am	shobhit	4 chall gy
09/09/18	9:21 am	shobhit	mhnti ladke ho tum
09/09/18	9:21 am	psit shivam tripathi	2 chale hai baaki 2 partial
09/09/18	9:21 am	shobhit	oh
09/09/18	9:21 am	shobhit	badiga
09/09/18	9:21 am	psit shivam tripathi	8 din hai abhi
09/09/18	9:21 am	shobhit	bdiya
09/09/18	9:22 am	shobhit	are
09/09/18	9:45 am	shobhit	2 vale dakho
09/09/18	9:48 am	psit shivam tripathi	pehli condition likhne ki jaroorat nhi
09/09/18	9:48 am	psit shivam tripathi	n x m y hamesha 1 hai
09/09/18	9:48 am	psit shivam tripathi	anyways
09/09/18	9:48 am	psit shivam tripathi	no problme
09/09/18	9:48 am	psit shivam tripathi	in that
09/09/18	9:48 am	shobhit	chall nhi rha
09/09/18	9:48 am	shobhit	wa
09/09/18	9:49 am	shobhit	apne me chall rha ha
09/09/18	9:49 am	psit shivam tripathi	yeh na bola karo yaar
09/09/18	9:49 am	psit shivam tripathi	ki mere me chal rhaa
09/09/18	9:49 am	psit shivam tripathi	codechef nahi le raha
09/09/18	9:49 am	shobhit	are mtlb koi equalty type kutch galti h
09/09/18	9:49 am	psit shivam tripathi	tumhari conditions sahi hai last wali
09/09/18	9:50 am	shobhit	vo dakh kr batao
09/09/18	9:50 am	psit shivam tripathi	line 15 26 check kar lo
09/09/18	9:50 am	psit shivam tripathi	baaki sahi hai
09/09/18	9:50 am	shobhit	ha vahi galt hogi
09/09/18	9:52 am	psit shivam tripathi	check kro
09/09/18	9:52 am	psit shivam tripathi	aise galti samajh nahi aayegi
09/09/18	9:52 am	psit shivam tripathi	mujhe
09/09/18	10:02 am	shobhit	aaisa kaisa kb hota h
09/09/18	10:02 am	psit shivam tripathi	gazab launde ho yaar tum
09/09/18	10:03 am	psit shivam tripathi	aage wala chala diye
09/09/18	10:03 am	psit shivam tripathi	pehle wala reh gaya
09/09/18	10:03 am	shobhit	vahi
09/09/18	10:03 am	shobhit	pta nhi
09/09/18	10:05 am	shobhit	equal rahh gy ta
09/09/18	10:05 am	psit shivam tripathi	yeh baat
09/09/18	10:06 am	shobhit	you deleted this message
09/09/18	10:06 am	shobhit	america me h
09/09/18	10:06 am	psit shivam tripathi	psit me ho
09/09/18	10:06 am	psit shivam tripathi	ghar ki hai
09/09/18	10:07 am	shobhit	ha
09/09/18	10:07 am	psit shivam tripathi	2 saal baad
09/09/18	10:07 am	psit shivam tripathi	infosys ki aayegi
09/09/18	10:07 am	shobhit	ye dakh kr kussi hoti h correct answer
09/09/18	10:07 am	shobhit	janna hi nhi h usme
09/09/18	10:08 am	psit shivam tripathi	good
09/09/18	10:29 pm	shobhit	4 me kya kiya h
09/09/18	10:31 pm	shobhit	batao
09/09/18	10:31 pm	psit shivam tripathi	try karo
09/09/18	10:31 pm	psit shivam tripathi	phir kal batayenge class me
09/09/18	10:31 pm	shobhit	are
10/09/18	10:15 pm	shobhit	piche dakho kon h
10/09/18	10:15 pm	psit shivam tripathi	kaun hai
10/09/18	10:15 pm	psit shivam tripathi	sonam toh nahi khadi
10/09/18	10:16 pm	shobhit	dinbhar whatap me jute rahite ho
10/09/18	10:16 pm	shobhit	koi mill gai h kya
10/09/18	10:16 pm	psit shivam tripathi	nopes bro
10/09/18	10:16 pm	psit shivam tripathi	live single
10/09/18	10:16 pm	psit shivam tripathi	build career
10/09/18	10:16 pm	psit shivam tripathi	live happy
10/09/18	10:17 pm	shobhit	cycle ka
10/09/18	10:17 pm	psit shivam tripathi	patao ladki in colleg
10/09/18	10:17 pm	psit shivam tripathi	baitho 25000 kamaye infosys me
10/09/18	10:17 pm	psit shivam tripathi	growth kahne ki baat hai
10/09/18	10:17 pm	psit shivam tripathi	isse achha
10/09/18	10:17 pm	shobhit	ab hui motivational bate
10/09/18	10:17 pm	psit shivam tripathi	live single
10/09/18	10:18 pm	psit shivam tripathi	baad me ladki chhod ke chali jjayegi
10/09/18	10:18 pm	psit shivam tripathi	ki tumhare paas paisa nahi hai
10/09/18	10:18 pm	shobhit	ab gahra ho rha h
10/09/18	10:18 pm	shobhit	iita paresan kahe ho
10/09/18	10:18 pm	psit shivam tripathi	ladki sab pata lenge
10/09/18	10:18 pm	psit shivam tripathi	and square subsegments solve kar
10/09/18	10:18 pm	psit shivam tripathi	o
10/09/18	10:18 pm	psit shivam tripathi	toh jaane
10/09/18	10:18 pm	psit shivam tripathi	7th ques
10/09/18	10:19 pm	shobhit	bai 4 ho nhi rha
10/09/18	10:19 pm	shobhit	7 i batt kr rhe
10/09/18	10:19 pm	psit shivam tripathi	partial ho jayga
10/09/18	10:19 pm	shobhit	pura karo
10/09/18	10:20 pm	shobhit	6 hua ky
10/09/18	10:20 pm	psit shivam tripathi	nahi ho raha
10/09/18	10:21 pm	shobhit	abhi bahut pdna h
10/09/18	10:21 pm	psit shivam tripathi	i know
10/09/18	10:21 pm	shobhit	iitne me sirf iita hi ho payga
10/09/18	10:21 pm	shobhit	2 3 max 4
10/09/18	10:21 pm	psit shivam tripathi	ham isi wajah se pareshan rahte hai
10/09/18	10:22 pm	shobhit	uuse todi hoga
10/09/18	10:22 pm	shobhit	pdho
10/09/18	10:22 pm	shobhit	bhai 7 to easy dikh rha h
10/09/18	10:23 pm	shobhit	segment tree use hoga syd isme
10/09/18	10:24 pm	psit shivam tripathi	padhte hai phir
10/09/18	10:30 pm	shobhit	yees
10/09/18	10:30 pm	shobhit	ha padhte h
10/09/18	10:31 pm	psit shivam tripathi	hmm
10/09/18	10:45 pm	shobhit	band kr do whatapp
10/09/18	10:45 pm	psit shivam tripathi	hmm
10/09/18	10:46 pm	psit shivam tripathi	chinta na karo bhai
10/09/18	10:46 pm	psit shivam tripathi	time waste nahi kar rahe
10/09/18	11:03 pm	shobhit	4 me
10/09/18	11:03 pm	shobhit	7 ka max and min kya aa rha ta
10/09/18	11:09 pm	psit shivam tripathi	abhi laga nahi raha
10/09/18	11:10 pm	shobhit	4 me n 7 me
10/09/18	11:10 pm	shobhit	max and min
10/09/18	11:10 pm	psit shivam tripathi	achha
10/09/18	11:10 pm	psit shivam tripathi	voh
10/09/18	11:10 pm	shobhit	yes
10/09/18	11:11 pm	psit shivam tripathi	kai possibilities hai
10/09/18	11:11 pm	psit shivam tripathi	mai apna wala bata raha
10/09/18	11:11 pm	shobhit	ok
10/09/18	11:11 pm	psit shivam tripathi	max 2341675
10/09/18	11:11 pm	psit shivam tripathi	min 7123456
10/09/18	11:11 pm	psit shivam tripathi	pattern dikha
10/09/18	11:11 pm	shobhit	ha
10/09/18	11:11 pm	psit shivam tripathi	min
10/09/18	11:11 pm	shobhit	yes
10/09/18	11:11 pm	psit shivam tripathi	max ka bhi dhundho
10/09/18	11:13 pm	psit shivam tripathi	gud
10/09/18	11:13 pm	shobhit	apne aap se nhi kiya h
10/09/18	11:13 pm	shobhit	help li ti
10/09/18	11:13 pm	psit shivam tripathi	no problem
10/09/18	11:14 pm	psit shivam tripathi	aage ke try karo ques iss baar
10/09/18	11:14 pm	psit shivam tripathi	yeh 4 aise the jo kar lete
10/09/18	11:14 pm	psit shivam tripathi	bhale thoda time lagta
10/09/18	11:14 pm	psit shivam tripathi	aage wale karo
10/09/18	11:14 pm	shobhit	ha
10/09/18	11:14 pm	psit shivam tripathi	help lo net se
10/09/18	11:14 pm	psit shivam tripathi	explore karo kya logic ya ds use hone
10/09/18	11:14 pm	psit shivam tripathi	padho
10/09/18	11:23 pm	psit shivam tripathi	kiska
10/09/18	11:23 pm	shobhit	mera h
10/09/18	11:23 pm	psit shivam tripathi	abe
10/09/18	11:23 pm	shobhit	kya hua
10/09/18	11:23 pm	psit shivam tripathi	bhaukaal tight kar diye tum
10/09/18	11:24 pm	shobhit	kyo bhai
10/09/18	11:24 pm	psit shivam tripathi	600 score
10/09/18	11:24 pm	shobhit	html ka kamal h sirf
10/09/18	11:25 pm	psit shivam tripathi	psit wale tumko pyaar karenge
10/09/18	11:25 pm	shobhit	edit krdiya page me
10/09/18	11:26 pm	psit shivam tripathi	achha
10/09/18	11:26 pm	psit shivam tripathi	anyways no joke
10/09/18	11:26 pm	shobhit	kyo bhai
10/09/18	11:26 pm	psit shivam tripathi	i wish you do a good job like this in future
10/09/18	11:26 pm	psit shivam tripathi	in real
10/09/18	11:26 pm	psit shivam tripathi	not html
10/09/18	11:26 pm	shobhit	oho forsure
10/09/18	11:27 pm	shobhit	ye dakho
10/09/18	11:30 pm	psit shivam tripathi	waah
10/09/18	11:30 pm	shobhit	hacker
10/09/18	11:32 pm	psit shivam tripathi	black hat hacker
10/09/18	11:32 pm	shobhit	coding karo
10/09/18	11:32 pm	psit shivam tripathi	bhai ek no channel hai
10/09/18	11:32 pm	psit shivam tripathi	orgasm ho jaata
10/09/18	11:34 pm	psit shivam tripathi	matlab ek aisi feeling aa jati jisse bahut khushi milti
10/09/18	11:34 pm	psit shivam tripathi	hamara kahne ka matlab yehi tha
10/09/18	11:34 pm	shobhit	ha fr tik h
10/09/18	11:47 pm	shobhit	you deleted this message
10/09/18	11:47 pm	psit shivam tripathi	topa
12/09/18	9:05 pm	shobhit	ye subsequence h
12/09/18	11:31 pm	shobhit	ok
14/09/18	12:16 am	shobhit	ye dakho
14/09/18	12:16 am	shobhit	you deleted this message
14/09/18	12:16 am	shobhit	bato fr
14/09/18	12:24 am	shobhit	https ide geeksforgeeks org saxzzkfpqe
15/09/18	10:30 pm	shobhit	dakho iskko
15/09/18	10:30 pm	shobhit	1234
15/09/18	10:30 pm	shobhit	query 1 4
15/09/18	10:30 pm	shobhit	1 1
15/09/18	10:35 pm	shobhit	bhai isko review kr lo
15/09/18	10:35 pm	shobhit	input kr ke
16/09/18	4:45 am	psit shivam tripathi	gud morning
16/09/18	4:45 am	psit shivam tripathi	dekhta hu
16/09/18	6:29 am	shobhit	good morning
16/09/18	6:30 am	shobhit	jaise agr tum rat ko soojao ge to kutch ho jayga ga ky
16/09/18	6:31 am	psit shivam tripathi	so chuke hai bhai
16/09/18	6:31 am	psit shivam tripathi	10 30 se 4 30
16/09/18	6:31 am	shobhit	acha fr tik h
16/09/18	6:32 am	shobhit	is imoji ka front to
16/09/18	6:33 am	shobhit	bhai to and valla hua
16/09/18	6:34 am	shobhit	7 questions
16/09/18	6:34 am	shobhit	codechef
16/09/18	6:34 am	psit shivam tripathi	ho gaye tumhare
16/09/18	6:35 am	shobhit	na but dakha ta
16/09/18	6:35 am	shobhit	tree se bi ho jyga
16/09/18	6:35 am	psit shivam tripathi	condition zero wala
16/09/18	6:35 am	shobhit	na dakha nhi
16/09/18	6:35 am	shobhit	table game
16/09/18	6:36 am	psit shivam tripathi	partial hua hai
16/09/18	6:36 am	psit shivam tripathi	memory jyada use kar li
16/09/18	6:36 am	shobhit	hme to smj nhi aa rha question
16/09/18	6:37 am	shobhit	test case explain kr skte ho
16/09/18	6:37 am	psit shivam tripathi	nahi
16/09/18	6:37 am	shobhit	krdo
16/09/18	6:37 am	psit shivam tripathi	nishad se call karke punchh lena
16/09/18	6:37 am	psit shivam tripathi	kal usne 12 ghante lagaya tha
16/09/18	6:37 am	psit shivam tripathi	yeh sawal
16/09/18	6:37 am	shobhit	are bt do
16/09/18	6:38 am	shobhit	are rahine do acha
16/09/18	6:38 am	psit shivam tripathi	batayenge
16/09/18	6:38 am	shobhit	and valla try krte h
16/09/18	6:38 am	psit shivam tripathi	baad me
16/09/18	6:38 am	shobhit	solution nhi test case hi nhi smj aa rha
16/09/18	6:41 am	shobhit	bas count krne h perfect sqr
16/09/18	6:42 am	psit shivam tripathi	haa
16/09/18	6:42 am	shobhit	ye to parent ne store kr lo count
16/09/18	6:42 am	shobhit	use bi hojyga
16/09/18	6:43 am	shobhit	main batt cpyiyo ki pic le ky
16/09/18	6:43 am	shobhit	eco and cyber
16/09/18	6:44 am	psit shivam tripathi	haa
16/09/18	6:44 am	shobhit	bejdo
16/09/18	6:44 am	psit shivam tripathi	100 rs per copy
16/09/18	6:44 am	psit shivam tripathi	600 rs paytm karo
16/09/18	6:45 am	shobhit	kr diye
16/09/18	6:45 am	shobhit	bejo ab
16/09/18	6:45 am	shobhit	padliya
16/09/18	6:45 am	psit shivam tripathi	haan
16/09/18	6:45 am	psit shivam tripathi	sab hash kar liya dimaag me
16/09/18	6:46 am	shobhit	hash
16/09/18	6:46 am	shobhit	acha ab padlo whatap band kr do
16/09/18	6:46 am	psit shivam tripathi	nahi band karenge
16/09/18	6:46 am	psit shivam tripathi	notes bheje hai
16/09/18	6:47 am	psit shivam tripathi	respect karo
16/09/18	6:47 am	psit shivam tripathi	208 panne click kiye hai
16/09/18	6:47 am	shobhit	acha ha hero of the ct
16/09/18	7:21 am	psit shivam tripathi	this message was deleted
16/09/18	7:21 am	psit shivam tripathi	this message was deleted
16/09/18	7:32 am	shobhit	kya h ye
16/09/18	7:32 am	shobhit	delete kya kr diya
16/09/18	7:32 am	psit shivam tripathi	xor ka code bhejo
16/09/18	7:32 am	psit shivam tripathi	please
16/09/18	7:33 am	shobhit	ye likh ne ki kya jarurt ti
16/09/18	7:33 am	psit shivam tripathi	include bits stdc h
16/09/18	7:33 am	psit shivam tripathi	ok
16/09/18	7:59 am	shobhit	and valla bejo
16/09/18	8:00 am	shobhit	mere wa ho rha h
16/09/18	8:01 am	shobhit	ye
16/09/18	8:01 am	shobhit	ye h kon sa tree
16/09/18	8:01 am	psit shivam tripathi	partial ho gaya tumhara
16/09/18	8:01 am	shobhit	nhi
16/09/18	8:01 am	psit shivam tripathi	partial karo fir tree banana
16/09/18	8:01 am	psit shivam tripathi	partial normal loop laga ke ho jayega
16/09/18	8:01 am	psit shivam tripathi	brute force
16/09/18	8:02 am	shobhit	vahi to wa ho rha h
16/09/18	8:02 am	psit shivam tripathi	tree me mera bhi wa ho raha
16/09/18	8:02 am	shobhit	bhai dakh lo isko
16/09/18	8:02 am	shobhit	brute force ka h
16/09/18	8:04 am	psit shivam tripathi	perfect square galat check kar rahe
16/09/18	8:04 am	psit shivam tripathi	interger hai an
16/09/18	8:04 am	psit shivam tripathi	this message was deleted
16/09/18	8:05 am	psit shivam tripathi	ruko
16/09/18	8:05 am	shobhit	ha 4 4 16 17
16/09/18	8:05 am	psit shivam tripathi	haa
16/09/18	8:08 am	shobhit	bhai smjh hi nhi aa rha
16/09/18	8:08 am	shobhit	dakho kutch line change me galti h ky
16/09/18	8:08 am	shobhit	for i 1 i b aa 1 i use for size of subset like i 1 1 2 3 i 2 12 23 i 3 123
16/09/18	8:08 am	shobhit	for j aa 1 j b j it select elemnt from array line 28
16/09/18	8:08 am	psit shivam tripathi	vahi dekh raha
16/09/18	8:11 am	psit shivam tripathi	samajh nahi aa raha
16/09/18	8:11 am	psit shivam tripathi	complicate kar diya hai codd
16/09/18	8:11 am	shobhit	ha ishi vajh se magg rhe h tumhara
16/09/18	8:11 am	shobhit	hmm smj lege
16/09/18	8:11 am	shobhit	maggie kaa lo aaj
16/09/18	8:11 am	shobhit	mazzaa aa jayga
16/09/18	8:12 am	psit shivam tripathi	int main
16/09/18	8:12 am	psit shivam tripathi	change kar dena bhai bas
16/09/18	8:12 am	psit shivam tripathi	sirf variable change karne se bhi pakad lete hai codechef wale
16/09/18	8:12 am	psit shivam tripathi	iss baar meri id band ho jayegu
16/09/18	8:12 am	shobhit	are apne vale hi change karege
16/09/18	8:12 am	shobhit	paresn mt ho
16/09/18	8:12 am	psit shivam tripathi	haa
16/09/18	8:12 am	psit shivam tripathi	ok
16/09/18	8:13 am	shobhit	are iita kahe paresn ho dushri banna lena
16/09/18	8:13 am	psit shivam tripathi	nahi bhai
16/09/18	8:13 am	psit shivam tripathi	vahi chalani hai
16/09/18	8:13 am	psit shivam tripathi	official wali baat hi alag hai
16/09/18	8:13 am	shobhit	ok paresn mt hona
16/09/18	8:13 am	shobhit	nhi karege
16/09/18	8:14 am	shobhit	jindagi ke maze lo
16/09/18	8:14 am	shobhit	bahut paresn rahite ho
16/09/18	8:14 am	psit shivam tripathi	yeeee
16/09/18	8:14 am	psit shivam tripathi	mazeeee
16/09/18	10:13 am	psit shivam tripathi	table game me
16/09/18	10:14 am	shobhit	bhai
16/09/18	10:14 am	psit shivam tripathi	dimaag kharab ho ja raha ab toh
16/09/18	10:14 am	psit shivam tripathi	dusre solution me
16/09/18	10:15 am	psit shivam tripathi	yeh ho raha
16/09/18	10:15 am	psit shivam tripathi	5th chal rhaa but baaki 4 me sigsegv error aa raha
16/09/18	10:15 am	psit shivam tripathi	ab dono ko aise mix karna hai
16/09/18	10:15 am	psit shivam tripathi	ki isme 5th chal jaye
16/09/18	10:16 am	shobhit	ye kon sa
16/09/18	10:16 am	shobhit	dono 5 h ky
16/09/18	10:16 am	psit shivam tripathi	dono
16/09/18	10:17 am	psit shivam tripathi	table game hi hai
16/09/18	10:17 am	shobhit	gazb
16/09/18	10:17 am	shobhit	merge sort laaga dona
16/09/18	10:17 am	shobhit	dive and coqure vali
16/09/18	10:17 am	shobhit	mazza aa rha h sab salla galat ho rha h
16/09/18	10:17 am	psit shivam tripathi	maze na lo
16/09/18	10:18 am	psit shivam tripathi	question karo
16/09/18	10:18 am	shobhit	mera dakho
16/09/18	10:18 am	psit shivam tripathi	kya baat hau
16/09/18	10:18 am	psit shivam tripathi	waah
16/09/18	10:18 am	shobhit	mere me dono ki error merge ho gai h
16/09/18	1:10 pm	shobhit	and valla wa
16/09/18	1:10 pm	shobhit	aa rha h
16/09/18	1:11 pm	shobhit	example program
16/09/18	1:12 pm	psit shivam tripathi	oh
16/09/18	1:12 pm	shobhit	batao
16/09/18	1:17 pm	psit shivam tripathi	same dikh raha mujhe toh
16/09/18	1:18 pm	shobhit	mtlb
16/09/18	1:18 pm	shobhit	acha code hh
16/09/18	1:18 pm	shobhit	ha
16/09/18	1:18 pm	psit shivam tripathi	matlab jaise maine kiya tha
16/09/18	1:18 pm	shobhit	batao
16/09/18	1:18 pm	shobhit	kya kami h
16/09/18	1:18 pm	psit shivam tripathi	nahi samajh aa raha bhai
16/09/18	1:20 pm	shobhit	ye challa ta
16/09/18	1:20 pm	psit shivam tripathi	aur nahi toh kya
16/09/18	1:20 pm	psit shivam tripathi	partially correct hai
16/09/18	1:20 pm	shobhit	to fr mera kyo nhi chall rha
16/09/18	1:20 pm	psit shivam tripathi	submit mat krna lekin mera wala
16/09/18	1:21 pm	shobhit	hh to same jo nhi ta vo kr diya
16/09/18	1:21 pm	shobhit	are nhi karege
16/09/18	1:21 pm	psit shivam tripathi	ek kaam karo
16/09/18	1:21 pm	psit shivam tripathi	mid ki taiyari karo
16/09/18	1:21 pm	shobhit	ye kya hota h
16/09/18	1:21 pm	shobhit	ye valla ho jay fr
16/09/18	1:26 pm	shobhit	batao
16/09/18	1:26 pm	psit shivam tripathi	nahi samajh aa rha bhai
16/09/18	1:26 pm	psit shivam tripathi	kya bataye
16/09/18	1:26 pm	psit shivam tripathi	tumhare upar jadu kiya hai kisi ne
16/09/18	1:27 pm	shobhit	kutch bi
17/09/18	5:33 pm	shobhit	bhai himanshi ke notes lao jarra
17/09/18	5:34 pm	shobhit	bas writing dakh nhi ti
17/09/18	5:35 pm	psit shivam tripathi	21 pages hai shri ke
17/09/18	5:35 pm	psit shivam tripathi	ye 50
17/09/18	5:35 pm	psit shivam tripathi	hai
17/09/18	5:35 pm	shobhit	achi ladki h
17/09/18	5:35 pm	psit shivam tripathi	actually
17/09/18	5:35 pm	psit shivam tripathi	utne hi hai
17/09/18	5:35 pm	psit shivam tripathi	21 2
17/09/18	5:35 pm	psit shivam tripathi	42
17/09/18	5:35 pm	psit shivam tripathi	maine ek baar me do page liye hai snap me
17/09/18	5:36 pm	shobhit	ha
17/09/18	5:36 pm	psit shivam tripathi	ham abhi pahuche nahi ghar
17/09/18	5:36 pm	psit shivam tripathi	5 10 pe bus chali
17/09/18	5:36 pm	shobhit	kahe kya kr rhe ho
17/09/18	5:36 pm	shobhit	oh bekr h fr to bus
17/09/18	5:36 pm	psit shivam tripathi	psedo ke sath the
17/09/18	5:37 pm	shobhit	ab to fun ho gy
17/09/18	5:37 pm	shobhit	boli ke saat saat writing bi achi h
17/09/18	5:41 pm	psit shivam tripathi	pic bhejo
17/09/18	5:43 pm	shobhit	you deleted this message
17/09/18	5:46 pm	shobhit	kya hua
17/09/18	5:46 pm	shobhit	kya hau we
17/09/18	5:48 pm	shobhit	are
17/09/18	5:48 pm	shobhit	kya hua bhai
17/09/18	5:49 pm	psit shivam tripathi	kuchh kaam nahi hai kya karne ko tumhe
17/09/18	5:49 pm	psit shivam tripathi	hamare faltu msg padh rahe ho
17/09/18	5:49 pm	shobhit	kr rhe h pice kamm chall rha h
17/09/18	6:27 pm	psit shivam tripathi	kitne star
17/09/18	8:15 pm	shobhit	10
17/09/18	8:18 pm	shobhit	tare
17/09/18	11:01 pm	shobhit	kya hua
18/09/18	8:15 pm	shobhit	haan
18/09/18	11:11 pm	shobhit	kal kon sa h pahila
18/09/18	11:12 pm	psit shivam tripathi	pata nahi
18/09/18	11:12 pm	psit shivam tripathi	pata karo
18/09/18	11:12 pm	psit shivam tripathi	aur bata do
18/09/18	11:12 pm	psit shivam tripathi	hame bhi
18/09/18	11:12 pm	shobhit	webtech h ayd
18/09/18	11:12 pm	shobhit	check kr lo na
18/09/18	11:15 pm	shobhit	pta challa
18/09/18	11:20 pm	shobhit	web hi h
21/09/18	12:59 am	shobhit	upload krdo
22/09/18	11:17 pm	shobhit	ye kya h
22/09/18	11:18 pm	psit shivam tripathi	yeh image ha
22/09/18	11:18 pm	psit shivam tripathi	i
22/09/18	11:19 pm	psit shivam tripathi	tumhe kya lag raha
22/09/18	11:19 pm	psit shivam tripathi	i am joking
22/09/18	11:19 pm	psit shivam tripathi	no
22/09/18	11:19 pm	psit shivam tripathi	kisi se bhi punch lo
22/09/18	11:19 pm	psit shivam tripathi	sachhaai yahi hai
22/09/18	11:19 pm	psit shivam tripathi	yeh ek image hai
22/09/18	11:31 pm	shobhit	are matlb kya meaning hh iska
22/09/18	11:31 pm	psit shivam tripathi	samjho
22/09/18	11:31 pm	shobhit	kitabo ke upr admi kada h
22/09/18	11:32 pm	shobhit	papp lage fa
22/09/18	11:32 pm	shobhit	ga
22/09/18	11:32 pm	psit shivam tripathi	half knowledge destroys the world
22/09/18	11:32 pm	shobhit	kyo
22/09/18	11:32 pm	psit shivam tripathi	yaar
22/09/18	11:33 pm	psit shivam tripathi	its just a image
22/09/18	11:33 pm	psit shivam tripathi	matrix
22/09/18	11:33 pm	psit shivam tripathi	hai matrix
22/09/18	11:33 pm	shobhit	something is better than nothing
22/09/18	11:34 pm	shobhit	missile h kya
22/09/18	11:34 pm	shobhit	or aliens
22/09/18	11:34 pm	psit shivam tripathi	nahi bhai
22/09/18	11:34 pm	psit shivam tripathi	purani khaawat yaad hogi
22/09/18	11:34 pm	psit shivam tripathi	aadhi jankaari haanikarak hoti hai
22/09/18	11:35 pm	shobhit	gutke ke bare me sunaa ta aisa gutka kanna hanikark h
22/09/18	11:35 pm	psit shivam tripathi	gud night
26/09/18	12:22 am	shobhit	tum college chood do dikh na jaanna ab
26/09/18	7:13 am	psit shivam tripathi	tumko bahut pasand hai kya
26/09/18	7:49 am	shobhit	haan
26/09/18	7:49 am	shobhit	academy h meri
26/09/18	8:09 am	psit shivam tripathi	cool
26/09/18	9:27 pm	shobhit	6start microsoft
26/09/18	10:42 pm	psit shivam tripathi	6 kyu dekh rahe bhai
26/09/18	10:42 pm	psit shivam tripathi	4 ya uskke upar jyadatar pros hai
26/09/18	10:59 pm	shobhit	hmm
26/09/18	11:00 pm	psit shivam tripathi	6 matlab 7 1
26/09/18	11:00 pm	psit shivam tripathi	7 ki baat chhod do
26/09/18	11:01 pm	psit shivam tripathi	voh jyadatar research institutes ya bade heavy log hai
26/09/18	11:01 pm	shobhit	ha bhai gazb h
26/09/18	11:01 pm	psit shivam tripathi	asli tez toh
26/09/18	11:01 pm	psit shivam tripathi	ham log hai
26/09/18	11:01 pm	psit shivam tripathi	3 wale
26/09/18	11:01 pm	shobhit	are
26/09/18	11:01 pm	psit shivam tripathi	hami jaise logo ke sath one hot encoding hoti ahi
26/09/18	11:01 pm	psit shivam tripathi	hai
26/09/18	11:02 pm	shobhit	microsoft me mill jay bhai
26/09/18	11:02 pm	shobhit	bass
26/09/18	11:05 pm	shobhit	mill jaygi na
26/09/18	11:05 pm	psit shivam tripathi	are kyu nahi
26/09/18	11:05 pm	psit shivam tripathi	microsoft is dying for people like us
26/09/18	11:06 pm	shobhit	but for what work
26/09/18	11:07 pm	psit shivam tripathi	janitor
26/09/18	11:07 pm	shobhit	software engineer
26/09/18	11:07 pm	shobhit	and so
26/09/18	11:08 pm	psit shivam tripathi	bhaiya tum so jao
26/09/18	11:08 pm	psit shivam tripathi	daso nahi ab
26/09/18	11:08 pm	shobhit	padho acha ab
26/09/18	11:32 pm	psit shivam tripathi	is wajah se hamne subah one hot encoding ke bajaay normal encoding bola tha
26/09/18	11:35 pm	shobhit	ha but tum city me label encoder nhi use kr sakte vo equation me affect kare ga
26/09/18	11:35 pm	shobhit	and the values change accordingly
26/09/18	11:36 pm	psit shivam tripathi	one hot toh bilkul use nahi kar sakte
26/09/18	11:36 pm	psit shivam tripathi	ek country ke dataset me
26/09/18	11:36 pm	psit shivam tripathi	500 cities hongi
26/09/18	11:36 pm	shobhit	ruko acha
26/09/18	11:36 pm	psit shivam tripathi	500 columns thodi add karoge
26/09/18	11:44 pm	shobhit	isme country name h
26/09/18	11:44 pm	shobhit	label encoder use kiya
26/09/18	11:44 pm	psit shivam tripathi	ok
26/09/18	11:44 pm	psit shivam tripathi	gateway to infosys aur kuchh nahi
26/09/18	11:45 pm	psit shivam tripathi	aur bhi methods available hai
26/09/18	11:45 pm	shobhit	ha
28/09/18	6:59 pm	psit shivam tripathi	https www youtube com watch v qzww cbugzo
28/09/18	6:59 pm	psit shivam tripathi	isne apni baat ko serious le liua
28/09/18	6:59 pm	psit shivam tripathi	bread board pe hi bana diya
28/09/18	7:01 pm	psit shivam tripathi	ek no bhaai yeh video
28/09/18	7:01 pm	psit shivam tripathi	ise kehte hai concept
28/09/18	10:22 pm	shobhit	are gazb
28/09/18	10:22 pm	psit shivam tripathi	haa
28/09/18	10:22 pm	psit shivam tripathi	batao
28/09/18	10:23 pm	psit shivam tripathi	type karte huye pkad liya tumhe
28/09/18	10:23 pm	psit shivam tripathi	hamne
28/09/18	10:23 pm	psit shivam tripathi	achha video tha bhai
28/09/18	10:23 pm	psit shivam tripathi	isko banaye agar khud toh kaafi samajh me ajaaye concepts
28/09/18	10:23 pm	shobhit	ha iita hmm logo ko bi sikhana cahiye ta
28/09/18	10:24 pm	psit shivam tripathi	tej nahi ho jaoge agar padha diya
28/09/18	10:24 pm	psit shivam tripathi	phir tum teacher ko hi pachhad doge
28/09/18	10:24 pm	psit shivam tripathi	yeh puri duniya me aisa hi mindset hai psit akele nahi hai
28/09/18	10:24 pm	psit shivam tripathi	jo launde khud kar lete hai
28/09/18	10:24 pm	psit shivam tripathi	voh badhiya
28/09/18	10:25 pm	shobhit	bhai kya hua
28/09/18	10:25 pm	shobhit	bahut gahri bate kr rhe
28/09/18	10:25 pm	psit shivam tripathi	kuchh nahi
28/09/18	10:25 pm	psit shivam tripathi	mazaa aa raha be
28/09/18	10:25 pm	psit shivam tripathi	time hai
28/09/18	10:25 pm	psit shivam tripathi	2 din
28/09/18	10:25 pm	psit shivam tripathi	karte hai kuchh
28/09/18	10:25 pm	psit shivam tripathi	tum bhi karo
28/09/18	10:25 pm	shobhit	oh yes
03/10/18	9:08 pm	shobhit	html ki file me kitne likhe h
03/10/18	9:11 pm	psit shivam tripathi	this message was deleted
03/10/18	9:11 pm	psit shivam tripathi	2
03/10/18	9:11 pm	shobhit	ha ab tik h
03/10/18	9:58 pm	psit shivam tripathi	yeh tum kab bheje
03/10/18	9:58 pm	psit shivam tripathi	tum toh meri puri samasya define kar diye
03/10/18	9:58 pm	psit shivam tripathi	not meri but sabki
03/10/18	9:58 pm	shobhit	beja te ak din
03/10/18	9:58 pm	shobhit	acha
03/10/18	10:00 pm	psit shivam tripathi	vaise complain nahi karna chahiye ham log phir bhi bahut achhi zindagi ji rahe
03/10/18	10:00 pm	shobhit	ha ashh ki
06/10/18	12:04 am	shobhit	kiye
06/10/18	12:04 am	psit shivam tripathi	nahi bhai
06/10/18	12:04 am	psit shivam tripathi	abhi raat me karenge
06/10/18	12:04 am	psit shivam tripathi	minimizedigit wala karna hai
06/10/18	12:04 am	psit shivam tripathi	vahi sonch rahe the
06/10/18	12:04 am	shobhit	ok
06/10/18	12:04 am	psit shivam tripathi	simple langauge hai
06/10/18	12:04 am	psit shivam tripathi	logic achha hoga but
06/10/18	12:04 am	shobhit	2 nhi hi rha
06/10/18	12:06 am	shobhit	ok karo batana fr
06/10/18	12:06 am	shobhit	hoy koi to
06/10/18	12:06 am	psit shivam tripathi	haan
06/10/18	12:06 am	psit shivam tripathi	tum bhi
06/10/18	12:06 am	psit shivam tripathi	idhar kripa kiye rahna
06/10/18	11:13 am	shobhit	last test batao
06/10/18	11:13 am	shobhit	11 13 valla
06/10/18	11:14 am	shobhit	11 13 3 50 5 0 5
06/10/18	11:14 am	shobhit	1 1 2
06/10/18	11:14 am	psit shivam tripathi	batate hai
06/10/18	11:14 am	psit shivam tripathi	abhi bahar hai
06/10/18	11:14 am	shobhit	kaha
06/10/18	11:14 am	shobhit	gr me pahuco jaldi se
06/10/18	11:15 am	shobhit	fr batao
06/10/18	11:23 am	psit shivam tripathi	11 13 13 37
06/10/18	11:23 am	shobhit	iss bar mann kr nhi rha h na
06/10/18	11:23 am	shobhit	tumhara
06/10/18	11:24 am	shobhit	ok ok
06/10/18	10:23 pm	shobhit	hua koi
06/10/18	10:24 pm	psit shivam tripathi	nahi
06/10/18	10:25 pm	psit shivam tripathi	kya
06/10/18	10:26 pm	shobhit	karo
06/10/18	10:26 pm	shobhit	mann nhi kr rha h ky
06/10/18	10:26 pm	shobhit	iss bar
06/10/18	10:26 pm	psit shivam tripathi	iss baar time nahi hai
06/10/18	10:26 pm	psit shivam tripathi	busy
06/10/18	10:26 pm	shobhit	aahh
06/10/18	10:26 pm	psit shivam tripathi	aur try kiya tha subah 2 3 gha te
06/10/18	10:26 pm	psit shivam tripathi	kuchh hua nahu
06/10/18	10:27 pm	psit shivam tripathi	maine digitsum wala submit kiya
06/10/18	10:27 pm	psit shivam tripathi	but wrong answer
06/10/18	10:27 pm	psit shivam tripathi	chess wala try kiya phir
06/10/18	10:27 pm	psit shivam tripathi	voh bhi nahi chala
06/10/18	10:27 pm	shobhit	isne pattern bann rha h
06/10/18	10:27 pm	shobhit	har digit ke liye alg se hoga
06/10/18	10:28 pm	psit shivam tripathi	achha
06/10/18	10:28 pm	psit shivam tripathi	yehi use kiya tha maine
06/10/18	10:28 pm	psit shivam tripathi	mera sample cases me chal rhaa hai
06/10/18	10:28 pm	shobhit	same tavle
06/10/18	10:28 pm	shobhit	table
06/10/18	11:24 pm	shobhit	acmipc me le rhe
06/10/18	11:25 pm	psit shivam tripathi	kab hai
06/10/18	11:25 pm	shobhit	start ho gy reg
06/10/18	11:27 pm	psit shivam tripathi	oct 23 ko hai
06/10/18	11:27 pm	psit shivam tripathi	kanpur regionals
06/10/18	11:31 pm	shobhit	ha
06/10/18	11:31 pm	shobhit	vo to conest h
06/10/18	11:31 pm	shobhit	reg to abhi ho rhe h
06/10/18	11:32 pm	psit shivam tripathi	kanpur regionals ke
07/10/18	12:11 am	shobhit	ha
07/10/18	12:11 am	shobhit	do ge ky
07/10/18	12:11 am	psit shivam tripathi	no
07/10/18	12:11 am	psit shivam tripathi	abhi prepared nahi hu
07/10/18	12:12 am	psit shivam tripathi	aur time bhi nahi de paunga abhi
07/10/18	12:12 am	shobhit	are
07/10/18	12:12 am	shobhit	chalo acha tik h
07/10/18	12:12 am	psit shivam tripathi	hmm
07/10/18	4:03 pm	psit shivam tripathi	this message was deleted
07/10/18	4:03 pm	psit shivam tripathi	this message was deleted
07/10/18	4:04 pm	psit shivam tripathi	this message was deleted
07/10/18	4:04 pm	shobhit	haha
07/10/18	4:04 pm	shobhit	engineers ki h
18/10/18	6:06 am	shobhit	thanks bhai
18/10/18	6:06 am	shobhit	aaj nhi aaa rhe ky
18/10/18	11:49 am	shobhit	bhai b tech ko leke serious nhi ho
18/10/18	11:53 am	psit shivam tripathi	nahi bhai
18/10/18	11:53 am	shobhit	sidhe chale aao
18/10/18	11:53 am	psit shivam tripathi	dobara hoga
18/10/18	11:53 am	psit shivam tripathi	hack with psit
18/10/18	11:55 am	shobhit	pta nhi
18/10/18	9:47 pm	psit shivam tripathi	there
18/10/18	9:53 pm	shobhit	code camp ka hoga 2 0
18/10/18	9:53 pm	psit shivam tripathi	achha
18/10/18	9:53 pm	shobhit	yes
18/10/18	9:53 pm	shobhit	aaj to kutch bi nhi hua
18/10/18	9:53 pm	shobhit	college me
18/10/18	9:54 pm	psit shivam tripathi	matlab
18/10/18	9:54 pm	shobhit	matlb kutch bi nhi
18/10/18	9:54 pm	psit shivam tripathi	this message was deleted
18/10/18	9:54 pm	psit shivam tripathi	matlab free periods
18/10/18	9:54 pm	shobhit	na
18/10/18	9:55 pm	shobhit	bas file check hui
18/10/18	9:55 pm	psit shivam tripathi	achha
18/10/18	9:55 pm	shobhit	joki puri nhi ti
19/10/18	12:48 am	shobhit	apne college vahi h
19/10/18	12:48 am	shobhit	jo hui ti uss din
19/10/18	12:49 am	psit shivam tripathi	haan
19/10/18	12:17 pm	shobhit	ak taf bird h ank tarf cow
19/10/18	12:17 pm	shobhit	size dakho
19/10/18	12:17 pm	psit shivam tripathi	are
19/10/18	12:17 pm	psit shivam tripathi	yeh kyu bhej rahe ho
19/10/18	12:18 pm	shobhit	are size dakho
19/10/18	12:18 pm	shobhit	ab it i badi bird kaha dikhti h
19/10/18	12:21 pm	psit shivam tripathi	haan
19/10/18	12:21 pm	psit shivam tripathi	ostrich hoti hai badi
19/10/18	12:22 pm	shobhit	oh
19/10/18	12:22 pm	shobhit	vahi hogi fr
19/10/18	12:23 pm	shobhit	vo to pani me hoti h
19/10/18	12:23 pm	psit shivam tripathi	nahu
19/10/18	12:23 pm	psit shivam tripathi	apko bhi
20/10/18	12:48 pm	psit shivam tripathi	status lagao isko
20/10/18	12:49 pm	psit shivam tripathi	yann lecun
21/10/18	4:38 pm	shobhit	bahi kal paper kon kon se h
21/10/18	4:38 pm	psit shivam tripathi	jo kal hone hai
21/10/18	4:38 pm	psit shivam tripathi	vahi hai
21/10/18	4:40 pm	psit shivam tripathi	cyber daa
21/10/18	4:40 pm	psit shivam tripathi	in this order
21/10/18	4:40 pm	shobhit	ok
22/10/18	10:05 pm	shobhit	kal pahila eco
22/10/18	10:14 pm	psit shivam tripathi	then eco
22/10/18	10:15 pm	shobhit	bas vahi nf aa rhe na sare
22/10/18	10:15 pm	shobhit	1 2 3 4 5
22/10/18	10:28 pm	psit shivam tripathi	haan
23/10/18	11:53 pm	shobhit	ct1 me file handling aa chuka hh na
23/10/18	11:53 pm	psit shivam tripathi	hm
23/10/18	11:53 pm	shobhit	kaha se aa rha h
23/10/18	11:54 pm	psit shivam tripathi	no idea
23/10/18	11:54 pm	psit shivam tripathi	not studyin
23/10/18	11:55 pm	shobhit	applet aa ta ky
23/10/18	11:55 pm	shobhit	ct1 me
23/10/18	11:55 pm	psit shivam tripathi	mt punchho bhai
23/10/18	11:55 pm	psit shivam tripathi	nahi aata hai
23/10/18	11:55 pm	shobhit	are ct1 me applet aaya ta
23/10/18	11:56 pm	psit shivam tripathi	pata nahik
23/10/18	11:56 pm	psit shivam tripathi	kiya toh nahi thha
23/10/18	11:56 pm	shobhit	ok
23/10/18	11:56 pm	shobhit	page 47 se aa rha h ct2 me bhai
23/10/18	11:56 pm	psit shivam tripathi	achha
23/10/18	11:56 pm	psit shivam tripathi	ok
23/10/18	11:56 pm	psit shivam tripathi	punchh rahe ya bata rahe
23/10/18	11:57 pm	shobhit	bta rhe
23/10/18	11:57 pm	psit shivam tripathi	ok
26/10/18	10:22 pm	shobhit	kal aa rhe ho
26/10/18	10:22 pm	psit shivam tripathi	ha
26/10/18	10:22 pm	shobhit	snakdown kab se h
26/10/18	10:23 pm	psit shivam tripathi	kitni baar pubchhoge
26/10/18	10:23 pm	shobhit	bull gy
26/10/18	10:23 pm	psit shivam tripathi	12 00 am sunday
26/10/18	10:23 pm	shobhit	ohk
28/10/18	1:17 am	shobhit	code bejo
28/10/18	1:17 am	shobhit	aktu vale
28/10/18	1:17 am	psit shivam tripathi	ruc501
28/10/18	1:17 am	psit shivam tripathi	rcs052
28/10/18	1:18 am	shobhit	link do
28/10/18	1:18 am	shobhit	kaha barna h
28/10/18	1:18 am	psit shivam tripathi	aktu ke portal pe
28/10/18	1:19 am	psit shivam tripathi	pehli baar thodi bhar rahe ho
28/10/18	1:19 am	psit shivam tripathi	nahi
28/10/18	1:19 am	psit shivam tripathi	tum robot ho
28/10/18	1:19 am	psit shivam tripathi	bharo usme
28/10/18	1:19 am	psit shivam tripathi	yes i am a robot
28/10/18	1:19 am	shobhit	kull nhi rha
28/10/18	1:20 am	psit shivam tripathi	nahi khula
28/10/18	1:20 am	shobhit	no
28/10/18	1:20 am	psit shivam tripathi	hmm
28/10/18	1:20 am	psit shivam tripathi	site ki dikkat hai
28/10/18	1:20 am	psit shivam tripathi	aaj nahi khul raha
28/10/18	1:20 am	psit shivam tripathi	hai
28/10/18	1:20 am	psit shivam tripathi	kisi ka bhi
28/10/18	1:20 am	shobhit	to ab
28/10/18	1:20 am	psit shivam tripathi	a lot of people have faced this problem today
28/10/18	1:20 am	psit shivam tripathi	ab btech nahi hoga aur kya
28/10/18	1:20 am	psit shivam tripathi	wait karo
28/10/18	1:20 am	psit shivam tripathi	kal bhar dena
28/10/18	1:20 am	psit shivam tripathi	sunday off nahi hota
28/10/18	1:21 am	psit shivam tripathi	kuchh update hona hai
28/10/18	1:21 am	psit shivam tripathi	isliye issues ho rahe
28/10/18	1:21 am	psit shivam tripathi	admin me bola tha
28/10/18	1:21 am	shobhit	ok
28/10/18	1:21 am	psit shivam tripathi	shubham punchhne gaya tha
28/10/18	1:21 am	shobhit	last to 30 hh
28/10/18	1:21 am	psit shivam tripathi	haan
28/10/18	1:21 am	psit shivam tripathi	agar nahi bhara beta
28/10/18	1:21 am	psit shivam tripathi	toh zindagi barbaad
28/10/18	1:21 am	psit shivam tripathi	baithe rehna 4 semester ka result liye
28/10/18	1:21 am	psit shivam tripathi	infy nahi le jayegi phir
28/10/18	1:22 am	psit shivam tripathi	year repeat karna pad jayega
28/10/18	1:22 am	shobhit	aise bate mt karo darr lagta h
28/10/18	1:23 am	psit shivam tripathi	darro
28/10/18	1:23 am	psit shivam tripathi	darane ke liye hi btech hota hai
28/10/18	1:23 am	psit shivam tripathi	teacher ka kaam hai darana
28/10/18	1:23 am	psit shivam tripathi	dhamkaana
28/10/18	1:23 am	psit shivam tripathi	padhai toh secondary hai
28/10/18	1:23 am	shobhit	piche dako koi ulta kadda h ky
28/10/18	1:24 am	shobhit	bhai ho jayga na kal
28/10/18	1:24 am	psit shivam tripathi	yupp
28/10/18	1:24 am	psit shivam tripathi	don t worry
28/10/18	1:24 am	psit shivam tripathi	a lot of people have not submitted yet
28/10/18	1:25 am	shobhit	ok it feels safe
28/10/18	7:19 pm	shobhit	kitte hua
28/10/18	7:20 pm	psit shivam tripathi	2
28/10/18	7:20 pm	psit shivam tripathi	tumhare
28/10/18	7:20 pm	psit shivam tripathi	4
28/10/18	7:20 pm	shobhit	5
28/10/18	7:20 pm	psit shivam tripathi	ho gaye honge
28/10/18	7:20 pm	psit shivam tripathi	ok
28/10/18	7:20 pm	shobhit	2 hi hua h
28/10/18	7:20 pm	shobhit	kal aa rhe ho
28/10/18	7:20 pm	psit shivam tripathi	no
28/10/18	7:21 pm	shobhit	ho hi nhi rhe
28/10/18	7:22 pm	psit shivam tripathi	chutiye hai ham
28/10/18	7:22 pm	psit shivam tripathi	sonch rahe coding chhod de
28/10/18	7:22 pm	psit shivam tripathi	sql padh le
28/10/18	7:22 pm	shobhit	to fr kal college jao
28/10/18	7:22 pm	shobhit	sql ki lab h
28/10/18	7:23 pm	psit shivam tripathi	kal chhutti leke naye karmchaari hire karne hai
28/10/18	7:23 pm	psit shivam tripathi	safai ke liye
28/10/18	7:23 pm	psit shivam tripathi	purane karmchaariyo ko nikaal diya
28/10/18	7:23 pm	psit shivam tripathi	saaale safai ke beech me instagram chalane lagte the
28/10/18	7:24 pm	psit shivam tripathi	nasa walo ko inspection karna hai kal
28/10/18	7:24 pm	psit shivam tripathi	isliye safai karwa rahe hai
28/10/18	7:25 pm	shobhit	abe hm tumhari parsani katam karva dege perso
28/10/18	7:29 pm	shobhit	america se cutter magvaya h
28/10/18	7:29 pm	shobhit	perso aa jayge
28/10/18	7:30 pm	shobhit	bas fr rocket me fit krva ke space me
28/10/18	7:30 pm	shobhit	yahi te na
28/10/18	7:30 pm	shobhit	check kr lo
28/10/18	7:31 pm	psit shivam tripathi	hmm
28/10/18	7:31 pm	shobhit	ok
28/10/18	7:31 pm	psit shivam tripathi	correct
28/10/18	7:32 pm	shobhit	bas yhi 2 code fill krne te
28/10/18	7:32 pm	psit shivam tripathi	yes
28/10/18	7:32 pm	shobhit	ok
28/10/18	7:33 pm	shobhit	karo bhai
28/10/18	7:34 pm	shobhit	iss bar bi qualify nhi ho payge ky
28/10/18	7:34 pm	psit shivam tripathi	kar rahe hai
28/10/18	7:35 pm	psit shivam tripathi	thanks
28/10/18	7:35 pm	psit shivam tripathi	dekhte hai
28/10/18	7:35 pm	shobhit	code bejj ne agr chll jay to
28/10/18	7:35 pm	psit shivam tripathi	ok
28/10/18	8:48 pm	shobhit	hua
28/10/18	8:50 pm	psit shivam tripathi	nopes
28/10/18	8:50 pm	psit shivam tripathi	1 test case nahi chal rha
28/10/18	8:50 pm	psit shivam tripathi	vahi debug kar raha
28/10/18	8:50 pm	psit shivam tripathi	kyu
28/10/18	8:51 pm	shobhit	ok
28/10/18	8:53 pm	psit shivam tripathi	bhai help karo yaar
28/10/18	8:53 pm	psit shivam tripathi	chef and sequence laga raha
28/10/18	8:53 pm	psit shivam tripathi	partial hua hai
28/10/18	8:53 pm	shobhit	bejo
28/10/18	8:54 pm	psit shivam tripathi	same na submit kar dena
28/10/18	8:54 pm	psit shivam tripathi	jo ham fans jaaye
28/10/18	8:54 pm	psit shivam tripathi	include iostream
28/10/18	8:55 pm	shobhit	acha ye
28/10/18	9:40 pm	shobhit	ho gy bhai
28/10/18	9:41 pm	psit shivam tripathi	abhi call karta hu
28/10/18	9:41 pm	shobhit	ok
28/10/18	9:58 pm	psit shivam tripathi	solution bhejo
28/10/18	9:59 pm	shobhit	include bits stdc h
28/10/18	9:59 pm	psit shivam tripathi	cool
28/10/18	10:08 pm	shobhit	tumhara valla formula use kiya
28/10/18	10:08 pm	shobhit	or chall gy
28/10/18	10:08 pm	psit shivam tripathi	yeee
28/10/18	10:10 pm	shobhit	4 kr rhe ho
28/10/18	10:11 pm	psit shivam tripathi	haan
28/10/18	10:11 pm	shobhit	ok
28/10/18	11:27 pm	shobhit	na
28/10/18	11:28 pm	shobhit	you deleted this message
28/10/18	11:37 pm	shobhit	you deleted this message
28/10/18	11:40 pm	psit shivam tripathi	kaaa hua bhaiya
28/10/18	11:41 pm	psit shivam tripathi	sql query bhej denge jyada battameezi na karo
28/10/18	11:41 pm	shobhit	are vo msg kr rhe dushre ko ho rha tumko barr barr
28/10/18	11:41 pm	psit shivam tripathi	ok
29/10/18	12:07 am	psit shivam tripathi	ham tumhare dimaag me haavi ho chuke hai
29/10/18	9:09 am	shobhit	5 ke liye test case banay hotot msg kr do
29/10/18	9:45 am	shobhit	kya hua
29/10/18	1:36 pm	shobhit	any update
29/10/18	1:40 pm	psit shivam tripathi	no bhai
29/10/18	7:42 pm	psit shivam tripathi	https www geeksforgeeks org interval tree
29/10/18	7:48 pm	shobhit	tree se
29/10/18	7:49 pm	psit shivam tripathi	overlapping interval wala tree construct karna padega
29/10/18	7:49 pm	psit shivam tripathi	aise hi dekh rahe
29/10/18	7:50 pm	shobhit	bhai kr do
29/10/18	9:46 pm	psit shivam tripathi	https www codechef com viewsolution 21282712
29/10/18	9:46 pm	psit shivam tripathi	solution dekho
29/10/18	9:46 pm	psit shivam tripathi	man kar raha hai ulta latak jaau
29/10/18	9:46 pm	psit shivam tripathi	ped se
29/10/18	9:47 pm	psit shivam tripathi	https www codechef com viewsolution 21331156
29/10/18	9:47 pm	psit shivam tripathi	yeh bhi choota
30/10/18	9:53 am	shobhit	https discuss codechef com questions 139106 chefko editorial
01/11/18	12:46 am	psit shivam tripathi	good msg but
01/11/18	12:46 am	psit shivam tripathi	ignore maaro
01/11/18	12:46 am	shobhit	kyo
01/11/18	12:46 am	psit shivam tripathi	clickbait hai yeh bhi ek tarah ka
01/11/18	12:46 am	psit shivam tripathi	not sure about this
01/11/18	12:46 am	psit shivam tripathi	but quora me bahut hota hai aajkal
01/11/18	12:46 am	shobhit	oh
01/11/18	12:47 am	psit shivam tripathi	inspirational post karne ke liye question bhi usi hisaab ka daal dete hai
01/11/18	12:47 am	shobhit	haan
03/11/18	12:32 am	shobhit	mukul bindal kon h
03/11/18	12:33 am	psit shivam tripathi	pata nahi bhai
03/11/18	12:33 am	psit shivam tripathi	kyu
03/11/18	12:33 am	shobhit	arora ke satt rahita h
03/11/18	12:33 am	psit shivam tripathi	achha
03/11/18	12:33 am	shobhit	3
03/11/18	12:33 am	psit shivam tripathi	shobhit patel kaun hai
03/11/18	12:33 am	psit shivam tripathi	achha
03/11/18	12:33 am	shobhit	shivam ka dost h
03/11/18	12:34 am	psit shivam tripathi	achha
03/11/18	12:34 am	shobhit	tripathi rajpoot
03/11/18	12:34 am	psit shivam tripathi	2 hai
03/11/18	12:36 am	shobhit	nov ka pahila dakha
03/11/18	12:36 am	shobhit	mtlb kutch bi banna dege ky
03/11/18	12:36 am	psit shivam tripathi	haan
03/11/18	12:36 am	psit shivam tripathi	mazaak chal raha hai
03/11/18	12:36 am	shobhit	sab me yes
03/11/18	12:37 am	psit shivam tripathi	haan
03/11/18	12:37 am	psit shivam tripathi	gennady ne banaya hai voh sawaal
03/11/18	12:38 am	psit shivam tripathi	are voh naam nahi chhapta apna
03/11/18	12:38 am	psit shivam tripathi	chupke se kaam karta hai
03/11/18	12:38 am	shobhit	accha
03/11/18	12:43 am	psit shivam tripathi	nice
03/11/18	12:44 am	shobhit	nice ky tum bi to ho
03/11/18	12:44 am	psit shivam tripathi	achhi bat hai na bhai
03/11/18	12:44 am	psit shivam tripathi	seekh rahe hai
03/11/18	12:44 am	shobhit	stauts me laga de
03/11/18	12:44 am	shobhit	sahi nhi rahega na
03/11/18	12:44 am	psit shivam tripathi	haan laga do
03/11/18	12:45 am	psit shivam tripathi	rehne do
03/11/18	12:45 am	psit shivam tripathi	aaj ham soch rahe the ki sab ko ek hi cheez nahi matter karti
03/11/18	12:45 am	psit shivam tripathi	sabki priority alag alag hai
03/11/18	12:45 am	shobhit	matlb
03/11/18	12:45 am	psit shivam tripathi	toh tumhare liye badi baat hai lekin baaki logo ko shayad koi matlab na ho usse
03/11/18	12:46 am	shobhit	loggo ke liye nhi bhai maal
03/11/18	12:46 am	shobhit	objects
03/11/18	12:46 am	psit shivam tripathi	matlab koi farak nahi padega status lagane se
03/11/18	12:46 am	psit shivam tripathi	koi maal nahi milega
03/11/18	12:47 am	shobhit	milegi
03/11/18	12:47 am	psit shivam tripathi	sahi me bhai
03/11/18	12:47 am	psit shivam tripathi	hot bandi chahiye toh thoda khulna padega tumhe
03/11/18	12:48 am	psit shivam tripathi	choot chaalaaki wali baatein karni padegi
03/11/18	12:48 am	shobhit	ye na ho payga
03/11/18	12:48 am	psit shivam tripathi	abe ham ye sonchte hai
03/11/18	12:48 am	psit shivam tripathi	maal ladki pata bhi le
03/11/18	12:48 am	psit shivam tripathi	toh baat kya karenge usse
03/11/18	12:49 am	shobhit	coding sikha dege
03/11/18	12:49 am	psit shivam tripathi	kantaap maar ke bhaag jayegi
03/11/18	12:49 am	shobhit	or bi mazza ayga
03/11/18	12:49 am	psit shivam tripathi	jyada paisa aa jaye toh yeh nahi pata chalta ki ladki paiso ki vajah se hai ya sahi me chahti hai
03/11/18	12:50 am	shobhit	ho sakta h ye
03/11/18	1:38 am	shobhit	3 padha
03/11/18	1:38 am	psit shivam tripathi	ahi
03/11/18	1:38 am	psit shivam tripathi	nahi
03/11/18	1:38 am	psit shivam tripathi	ab kal karenge
03/11/18	1:39 am	psit shivam tripathi	2nd kiya tha
03/11/18	1:39 am	psit shivam tripathi	pata nahi
03/11/18	1:39 am	psit shivam tripathi	wa hogaya
03/11/18	1:39 am	shobhit	mtlb bata do
03/11/18	1:39 am	shobhit	nested loop se kaoge to partial hoga
03/11/18	1:39 am	psit shivam tripathi	ok
03/11/18	1:39 am	psit shivam tripathi	no nested loop
03/11/18	1:39 am	psit shivam tripathi	linear
03/11/18	1:39 am	psit shivam tripathi	hashing
03/11/18	1:39 am	psit shivam tripathi	4 iterations
03/11/18	1:40 am	shobhit	ok hmne bi yahi kiya fr
03/11/18	1:41 am	shobhit	https s3 amazonaws com codechef shared download translated nov18 hindi prdrg pdf
03/11/18	1:41 am	shobhit	dako
03/11/18	1:41 am	psit shivam tripathi	princess and dragons ka solb
03/11/18	1:41 am	psit shivam tripathi	n
03/11/18	1:42 am	psit shivam tripathi	achha yeh
03/11/18	1:42 am	psit shivam tripathi	yeh toh faltu sawal lag rha
03/11/18	1:42 am	psit shivam tripathi	hindi me kyu bheje ho
03/11/18	1:42 am	psit shivam tripathi	chef and ridges
03/11/18	1:42 am	shobhit	smj nhi aa rha
03/11/18	1:43 am	psit shivam tripathi	x 1 y 2 n
03/11/18	12:18 pm	psit shivam tripathi	subah subah se zehar de rahe ho
03/11/18	12:19 pm	psit shivam tripathi	sawal hua 3rd
03/11/18	12:39 pm	shobhit	ha
03/11/18	12:39 pm	shobhit	partial hua h
03/11/18	12:39 pm	shobhit	powr dakh rhe h
03/11/18	12:41 pm	shobhit	ho gy pura
03/11/18	12:41 pm	psit shivam tripathi	good
03/11/18	12:42 pm	shobhit	thanx
03/11/18	12:42 pm	shobhit	jo soch rhe te vo nhi krna h
03/11/18	12:42 pm	psit shivam tripathi	ab jaao jijji se baat karo
03/11/18	12:42 pm	shobhit	jb divide karo ge us segment me move karege
03/11/18	12:42 pm	psit shivam tripathi	achha
03/11/18	12:52 pm	psit shivam tripathi	shayad man jaaye
03/11/18	12:52 pm	psit shivam tripathi	launde ne sawal laga liya hai
03/11/18	1:06 pm	shobhit	you deleted this message
03/11/18	1:06 pm	psit shivam tripathi	yeh kya tha
03/11/18	1:06 pm	psit shivam tripathi	air force
03/11/18	1:06 pm	psit shivam tripathi	ja rahe kya
03/11/18	1:06 pm	shobhit	ha
03/11/18	1:07 pm	psit shivam tripathi	ok
03/11/18	4:03 pm	shobhit	snakdown pre elimination kb se h
03/11/18	4:04 pm	psit shivam tripathi	bhai kabhi kabhi tum ajeeb ajeeb cheezin punchhte ho
03/11/18	4:04 pm	psit shivam tripathi	maine tumse 100 baar bataya hoga yeh
03/11/18	4:04 pm	shobhit	btado
03/11/18	4:04 pm	psit shivam tripathi	9 12
03/11/18	4:04 pm	psit shivam tripathi	today
03/11/18	4:04 pm	shobhit	ok
03/11/18	4:04 pm	psit shivam tripathi	hmm
03/11/18	4:05 pm	shobhit	bull gy te
03/11/18	4:05 pm	shobhit	age dakhe questions
03/11/18	4:05 pm	shobhit	agee
03/11/18	4:05 pm	psit shivam tripathi	nahi bhai
03/11/18	4:05 pm	shobhit	ok
03/11/18	4:06 pm	shobhit	4 easy h dakho
03/11/18	4:06 pm	psit shivam tripathi	ok
03/11/18	4:23 pm	psit shivam tripathi	kya baat hai
03/11/18	4:24 pm	shobhit	sabka nikalega
03/11/18	8:24 pm	psit shivam tripathi	troubleshooting
03/11/18	8:29 pm	shobhit	vo bolla competative coder h to ky developer to hm ache h
03/11/18	8:29 pm	shobhit	vahi ceo
03/11/18	8:30 pm	shobhit	8lpa valo ko
03/11/18	10:29 pm	shobhit	include bits stdc h
03/11/18	10:29 pm	shobhit	but usme wa aa rha h
03/11/18	10:30 pm	psit shivam tripathi	mujhko hi bhej rahe the
03/11/18	10:30 pm	psit shivam tripathi	ham toh inventry wala kar rahe
03/11/18	10:30 pm	shobhit	ha
03/11/18	10:30 pm	shobhit	ok
03/11/18	10:49 pm	shobhit	shivam se batiya rhe ho
03/11/18	10:49 pm	shobhit	fatak se rako
03/11/18	10:49 pm	shobhit	hme batt krni h
03/11/18	10:58 pm	psit shivam tripathi	kar lo ab
03/11/18	11:15 pm	psit shivam tripathi	kaha gayab go gaye
03/11/18	11:41 pm	psit shivam tripathi	https www codechef com viewsolution 20372133
04/11/18	12:18 am	shobhit	sabko nikalne ke baad msg dakha
04/11/18	12:18 am	shobhit	ab to hmm bi leave kr chuke h
04/11/18	12:30 am	psit shivam tripathi	ok
04/11/18	12:46 am	shobhit	tik h
04/11/18	12:46 am	psit shivam tripathi	haan
04/11/18	9:50 am	psit shivam tripathi	gennady ke partner ne java me 2 wrong submissions kar diye the
04/11/18	9:50 am	psit shivam tripathi	tabhi saala 2nd ho gaye yeh log
04/11/18	9:51 am	psit shivam tripathi	https www codechef com viewsolution 21417082
04/11/18	9:52 am	psit shivam tripathi	iss solution se ek nayi cheez pata chali
04/11/18	9:52 am	psit shivam tripathi	inline functions me asm use kar ke c c ke sath assemmbly language mix kar sakte ho
04/11/18	9:52 am	psit shivam tripathi	this helps with speed
04/11/18	9:52 am	psit shivam tripathi	mind blown
04/11/18	9:53 am	psit shivam tripathi	https www codeproject com articles 15971 using inline assembly in c c
04/11/18	10:45 am	shobhit	java
04/11/18	10:46 am	shobhit	gazb cpp is best
04/11/18	12:11 pm	shobhit	4 dakha
04/11/18	12:11 pm	shobhit	smj nhi aa rha kon sa structure use kar
04/11/18	12:12 pm	psit shivam tripathi	dekhte hai
04/11/18	12:12 pm	shobhit	ok
04/11/18	12:17 pm	psit shivam tripathi	normal vector and set se ho jayega
04/11/18	12:17 pm	psit shivam tripathi	ya phir queue use kar lo
04/11/18	12:18 pm	shobhit	partial ho rha h
04/11/18	12:18 pm	psit shivam tripathi	usse shifting turant ho jayegi
04/11/18	12:18 pm	shobhit	30
04/11/18	12:18 pm	psit shivam tripathi	batti chali gayi
04/11/18	12:18 pm	psit shivam tripathi	invertor kharab
04/11/18	12:18 pm	psit shivam tripathi	no battery on phone or laptop
04/11/18	12:18 pm	shobhit	are
04/11/18	12:18 pm	psit shivam tripathi	m
04/11/18	12:18 pm	psit shivam tripathi	shifting kaise kar rahe ho abhi
04/11/18	12:18 pm	shobhit	dost ke gr se kr lo
04/11/18	12:19 pm	psit shivam tripathi	i am the only launda in whole apartment
04/11/18	12:19 pm	psit shivam tripathi	all others are lov
04/11/18	12:19 pm	psit shivam tripathi	log
04/11/18	12:19 pm	shobhit	n me kr rhe h shift
04/11/18	12:20 pm	psit shivam tripathi	tle ho rhaa
04/11/18	12:20 pm	shobhit	ha
04/11/18	12:20 pm	psit shivam tripathi	queue use kar ke dekho
04/11/18	12:20 pm	psit shivam tripathi	pop and push karna
04/11/18	12:21 pm	shobhit	ha ye try krte h
04/11/18	12:21 pm	psit shivam tripathi	front se pop ho jayega
04/11/18	12:21 pm	psit shivam tripathi	end pe push kar dena
04/11/18	12:21 pm	shobhit	ok
04/11/18	12:21 pm	psit shivam tripathi	q push q pop
04/11/18	12:21 pm	psit shivam tripathi	bas itne pe ho jayega
04/11/18	12:22 pm	shobhit	ok try krte h
04/11/18	12:22 pm	psit shivam tripathi	batti aagyi
04/11/18	12:22 pm	psit shivam tripathi	yeeee
04/11/18	12:40 pm	psit shivam tripathi	ooh
04/11/18	12:40 pm	psit shivam tripathi	shit
04/11/18	12:40 pm	shobhit	segment type hoga syd kutch
04/11/18	2:48 pm	shobhit	kiya kya bhai
04/11/18	3:15 pm	psit shivam tripathi	nahi
04/11/18	4:09 pm	shobhit	ok
04/11/18	6:02 pm	psit shivam tripathi	dance karne jana tha hamk
04/11/18	6:02 pm	psit shivam tripathi	o
04/11/18	6:02 pm	psit shivam tripathi	isliye kar nahi paaye
04/11/18	6:09 pm	shobhit	kaha
04/11/18	6:09 pm	psit shivam tripathi	psit ki chhat pe
04/11/18	6:10 pm	shobhit	hmm bi aa rhe
04/11/18	9:07 pm	shobhit	bsnl me vo 400 ka koi pln aata h
04/11/18	9:07 pm	shobhit	kitne ka h vo
04/11/18	9:08 pm	psit shivam tripathi	pata nahi bhai
04/11/18	9:09 pm	psit shivam tripathi	hamne karaya nahi kaafi samay se
04/11/18	9:09 pm	shobhit	ok
04/11/18	9:09 pm	psit shivam tripathi	change hota rehta hai
04/11/18	9:09 pm	psit shivam tripathi	https portal2 bsnl in myportal quickrecharge do
04/11/18	9:09 pm	psit shivam tripathi	yaha pe jao
04/11/18	9:09 pm	shobhit	ok
04/11/18	9:09 pm	psit shivam tripathi	details daalo
04/11/18	9:10 pm	psit shivam tripathi	stv recharge select karna
04/11/18	9:10 pm	psit shivam tripathi	usme data plans
04/11/18	9:10 pm	psit shivam tripathi	yeh hai
04/11/18	9:13 pm	shobhit	thnx bhai
04/11/18	9:58 pm	psit shivam tripathi	kya kar rahe
04/11/18	11:17 pm	shobhit	5 dakh rhe te
06/11/18	2:00 am	shobhit	kiya koi
06/11/18	2:01 am	psit shivam tripathi	haan
06/11/18	2:01 am	psit shivam tripathi	moondance
06/11/18	2:01 am	shobhit	matlb
06/11/18	2:01 am	psit shivam tripathi	gud night
06/11/18	2:01 am	psit shivam tripathi	bye
06/11/18	2:01 am	psit shivam tripathi	servlet padh rahe the
06/11/18	2:01 am	shobhit	are nov kiya
06/11/18	2:01 am	psit shivam tripathi	ab sql karenge
06/11/18	2:01 am	psit shivam tripathi	nahi bhai
06/11/18	2:01 am	shobhit	kyo nhi kr rhe
06/11/18	2:01 am	psit shivam tripathi	busy in some studd
06/11/18	2:02 am	shobhit	ok
06/11/18	2:02 am	psit shivam tripathi	hmm
06/11/18	2:02 am	psit shivam tripathi	coding bhi kar rahe
06/11/18	2:02 am	psit shivam tripathi	2 3 hrs
06/11/18	2:02 am	shobhit	mujhe lagga fr mozz kr rhe ho sab chood ke
06/11/18	2:02 am	psit shivam tripathi	lonely cycles ek question hai
06/11/18	2:02 am	psit shivam tripathi	voh kiuya tha
06/11/18	2:02 am	shobhit	chef pe
06/11/18	2:02 am	psit shivam tripathi	nahi bhai time nahi waste karunga
06/11/18	2:02 am	psit shivam tripathi	haan
06/11/18	2:02 am	shobhit	ok
06/11/18	2:03 am	shobhit	iss bar nov easy lagg rha h
06/11/18	2:03 am	psit shivam tripathi	achha
06/11/18	2:03 am	shobhit	syd 6 ho jane cahiye
06/11/18	2:03 am	psit shivam tripathi	aisa hai
06/11/18	2:03 am	psit shivam tripathi	phir karte hai
06/11/18	2:03 am	shobhit	5 ho gy h
06/11/18	2:03 am	psit shivam tripathi	abhi dekhta hu
06/11/18	2:03 am	psit shivam tripathi	subah dekhu sonch raha
06/11/18	2:03 am	psit shivam tripathi	sahi hai
06/11/18	2:03 am	shobhit	ok
17/11/18	5:39 pm	psit shivam tripathi	enigma machine
17/11/18	7:31 pm	shobhit	haaaa
18/11/18	1:49 pm	shobhit	https youtu be 5ronxqew2d0
25/11/18	7:36 am	shobhit	daa ki file banai
25/11/18	12:12 pm	psit shivam tripathi	hmm
25/11/18	12:12 pm	psit shivam tripathi	5
25/11/18	12:12 pm	shobhit	3 4 bej do
25/11/18	12:19 pm	psit shivam tripathi	in an hour
26/11/18	4:54 pm	psit shivam tripathi	saal me 5 6 baar khate hai
26/11/18	5:01 pm	psit shivam tripathi	voh bhi 4 kfc ke
26/11/18	10:38 pm	shobhit	thurshday ko janna padega
26/11/18	10:38 pm	shobhit	dbms ka tset hoga
26/11/18	10:38 pm	shobhit	kal marr do
26/11/18	11:09 pm	psit shivam tripathi	aa jaate hai
26/11/18	11:09 pm	psit shivam tripathi	ab
28/11/18	8:42 pm	shobhit	bhai notes bejj do
28/11/18	10:28 pm	psit shivam tripathi	subah tak
28/11/18	10:28 pm	shobhit	kyo
28/11/18	10:28 pm	psit shivam tripathi	abhi so ke utha hu
28/11/18	10:28 pm	psit shivam tripathi	4 5 baje tak bhej denge
28/11/18	10:29 pm	shobhit	turing machine banai h ky
28/11/18	10:29 pm	shobhit	iita time
28/11/18	10:29 pm	psit shivam tripathi	khana nahi khane doge bhaiya
28/11/18	10:30 pm	psit shivam tripathi	abhi aadhi neend me lete hai
28/11/18	10:30 pm	psit shivam tripathi	pics saari laptop pe daal ke
28/11/18	10:30 pm	psit shivam tripathi	order ke karke
28/11/18	10:30 pm	shobhit	are kaaa lo
28/11/18	10:30 pm	psit shivam tripathi	vawas phone me daalke
28/11/18	10:30 pm	psit shivam tripathi	fresh pdf
28/11/18	10:30 pm	psit shivam tripathi	banayenge
28/11/18	10:30 pm	shobhit	lot of work
28/11/18	10:30 pm	shobhit	ok
28/11/18	10:30 pm	psit shivam tripathi	ek issue hai
28/11/18	10:30 pm	psit shivam tripathi	daa me
28/11/18	10:30 pm	shobhit	aram se bezzo
28/11/18	10:31 pm	psit shivam tripathi	first copy nahi laai thi shriyanshi
28/11/18	10:31 pm	shobhit	ok
28/11/18	10:31 pm	psit shivam tripathi	toh shivani se liya hai jo part chutaa hai
28/11/18	10:31 pm	psit shivam tripathi	hai pura lekin
28/11/18	10:31 pm	shobhit	badiya admi ho bhai
28/11/18	10:31 pm	shobhit	mazaa aa gy
28/11/18	10:31 pm	shobhit	ye lo
28/11/18	10:32 pm	shobhit	ye lo bhai
28/11/18	11:14 pm	shobhit	you deleted this message
28/11/18	11:15 pm	shobhit	you deleted this message
28/11/18	11:15 pm	psit shivam tripathi	nahi
28/11/18	11:15 pm	shobhit	bahut tez ho
28/11/18	11:15 pm	psit shivam tripathi	abe suno
28/11/18	11:15 pm	psit shivam tripathi	61 hai
28/11/18	11:15 pm	shobhit	ha
28/11/18	11:15 pm	psit shivam tripathi	maar sakte ho
28/11/18	11:15 pm	psit shivam tripathi	90 rahegi
28/11/18	11:15 pm	shobhit	fine lage ga
28/11/18	11:15 pm	psit shivam tripathi	689 lectures hai
28/11/18	11:15 pm	psit shivam tripathi	nahi lagegi
28/11/18	11:16 pm	psit shivam tripathi	gauranteee
28/11/18	11:16 pm	psit shivam tripathi	abhi kitne lectures dikha raha
28/11/18	11:16 pm	psit shivam tripathi	total jo huye hai
28/11/18	11:16 pm	shobhit	680
28/11/18	11:16 pm	shobhit	kal milla ke
28/11/18	11:16 pm	shobhit	688
28/11/18	11:16 pm	psit shivam tripathi	araam se maar sakte ho
28/11/18	11:16 pm	psit shivam tripathi	89 9 hogi
28/11/18	11:16 pm	psit shivam tripathi	no fine
28/11/18	11:16 pm	shobhit	lagta h
28/11/18	11:16 pm	psit shivam tripathi	but tum chale jao
28/11/18	11:17 pm	psit shivam tripathi	hamse na kahna
28/11/18	11:20 pm	shobhit	ok
29/11/18	12:11 am	psit shivam tripathi	hmm
29/11/18	12:11 am	psit shivam tripathi	tapan told me
29/11/18	12:11 am	shobhit	hmare to 3 cpy ho gy
29/11/18	12:11 am	psit shivam tripathi	links bhejo
29/11/18	12:11 am	psit shivam tripathi	4 ro
29/11/18	12:11 am	psit shivam tripathi	mujhe dekhna hai
29/11/18	12:12 am	shobhit	jo beje vahi chepp diye
29/11/18	12:12 am	shobhit	dost h bahr ke
29/11/18	12:12 am	shobhit	apne vale ka name nhi h
29/11/18	12:12 am	psit shivam tripathi	galat baat hai
29/11/18	1:38 am	psit shivam tripathi	dbms is complete
29/11/18	1:39 am	shobhit	thanks
29/11/18	1:39 am	psit shivam tripathi	baaki baad me bhej denge
29/11/18	1:39 am	shobhit	ok
29/11/18	8:07 pm	psit shivam tripathi	viva nahi hua na
01/12/18	6:18 pm	shobhit	bhai eco ki pdf do
01/12/18	6:33 pm	shobhit	cpy ke nhi h
01/12/18	6:34 pm	psit shivam tripathi	ct2 tak ke notes hai
01/12/18	6:34 pm	psit shivam tripathi	copy wale
01/12/18	6:34 pm	psit shivam tripathi	bas
01/12/18	6:34 pm	shobhit	oh ye to bhut ho jayge
01/12/18	6:34 pm	psit shivam tripathi	uske aage usne yahi chhapa hai
01/12/18	6:34 pm	psit shivam tripathi	hmm
02/12/18	4:11 pm	shobhit	gift
02/12/18	4:12 pm	shobhit	are ye panda nikal
04/12/18	4:58 pm	shobhit	pdf bejdo
04/12/18	6:21 pm	psit shivam tripathi	kaun si
04/12/18	6:22 pm	shobhit	dbms
04/12/18	6:22 pm	shobhit	subh vali
04/12/18	6:22 pm	psit shivam tripathi	bhej denge
04/12/18	6:22 pm	shobhit	ok
04/12/18	6:23 pm	psit shivam tripathi	ladki bhejo
04/12/18	6:27 pm	shobhit	online lelo
04/12/18	6:27 pm	shobhit	sale h
05/12/18	11:04 pm	psit shivam tripathi	sandwich and taco
05/12/18	11:05 pm	shobhit	haa
05/12/18	11:05 pm	psit shivam tripathi	ppl padho
05/12/18	11:05 pm	psit shivam tripathi	aur haa aaj 11 se 12 ke beech bahar na nikalna
05/12/18	11:06 pm	shobhit	kyo
05/12/18	11:07 pm	psit shivam tripathi	kaaran tum jaante ho
05/12/18	11:07 pm	psit shivam tripathi	dhyaan se soncho
05/12/18	11:07 pm	shobhit	ha
05/12/18	11:07 pm	shobhit	tik h point note kr liya
05/12/18	11:08 pm	psit shivam tripathi	gud
05/12/18	11:09 pm	shobhit	ppl pdlo bhai
05/12/18	11:09 pm	shobhit	important h
05/12/18	11:09 pm	psit shivam tripathi	aata hai
05/12/18	11:09 pm	psit shivam tripathi	ct2 tak ka
05/12/18	11:10 pm	shobhit	padhe to us time bi nhi te
05/12/18	11:11 pm	psit shivam tripathi	are
05/12/18	11:11 pm	psit shivam tripathi	discuss nahi kiya tha
05/12/18	11:11 pm	psit shivam tripathi	ari recursion
05/12/18	11:11 pm	psit shivam tripathi	types of function passing
05/12/18	11:11 pm	psit shivam tripathi	2 sawal yahi se phansega
05/12/18	11:11 pm	shobhit	ha bull gy
05/12/18	11:11 pm	psit shivam tripathi	revise kar lena
05/12/18	11:11 pm	psit shivam tripathi	abhi ham sonch rahe
05/12/18	11:11 pm	psit shivam tripathi	bas lambda wala samajh lenge
05/12/18	11:11 pm	psit shivam tripathi	aadhe ghante
05/12/18	11:12 pm	psit shivam tripathi	baaki subha revise karenge jo purana tha
05/12/18	11:12 pm	psit shivam tripathi	itna bahut hai ppl me
05/12/18	11:12 pm	shobhit	ha ye sahi h
05/12/18	11:14 pm	shobhit	cnn apply kiya h
05/12/18	11:14 pm	psit shivam tripathi	haan
05/12/18	11:14 pm	psit shivam tripathi	mnist and fmnist me
05/12/18	11:15 pm	shobhit	mnist nhi real img pr
05/12/18	11:15 pm	shobhit	vo to compressed hota h na
05/12/18	11:15 pm	psit shivam tripathi	mnist fake image thodi hai bhai
05/12/18	11:15 pm	psit shivam tripathi	real image pe cant apply cnn
05/12/18	11:15 pm	psit shivam tripathi	need low dimensional image
05/12/18	11:15 pm	shobhit	ha bhai vahi problem ho rhi
05/12/18	11:16 pm	psit shivam tripathi	bro
05/12/18	11:16 pm	psit shivam tripathi	imagenet me
05/12/18	11:16 pm	psit shivam tripathi	bhi
05/12/18	11:16 pm	psit shivam tripathi	1000 image train karne me
05/12/18	11:16 pm	psit shivam tripathi	30 min lagta hai
05/12/18	11:16 pm	psit shivam tripathi	256x256 image pe
05/12/18	11:16 pm	psit shivam tripathi	ab sonch lo
05/12/18	11:16 pm	psit shivam tripathi	aagr
05/12/18	11:17 pm	shobhit	oh cloud me syd km lage
05/12/18	11:17 pm	psit shivam tripathi	cloud me agar tumhe gpu allotted hai toh
05/12/18	11:17 pm	psit shivam tripathi	cnn me dataset bada chahiye hota ha
05/12/18	11:17 pm	psit shivam tripathi	network deep hai
05/12/18	11:17 pm	psit shivam tripathi	toh bill baithega tumhara
05/12/18	11:17 pm	psit shivam tripathi	jyada train kiya toh
05/12/18	11:18 pm	shobhit	ha
05/12/18	11:18 pm	shobhit	bahut paisa lete h
05/12/18	11:18 pm	psit shivam tripathi	google cloud me ek do bar use kar sakte ho free
05/12/18	11:18 pm	psit shivam tripathi	100 credit dete hai
05/12/18	11:18 pm	psit shivam tripathi	shayad
05/12/18	11:18 pm	shobhit	free hona chaiye ye sab collegeg me
05/12/18	11:18 pm	psit shivam tripathi	practice ke liye low quality image pe karo train
05/12/18	11:18 pm	psit shivam tripathi	laptop me hi
05/12/18	11:19 pm	shobhit	bhai 4gb ram h
05/12/18	11:19 pm	shobhit	boll jayga
05/12/18	11:19 pm	psit shivam tripathi	aisi image pe lagbhag 1000 image train karne pe 10 gb ram chahiye
05/12/18	11:19 pm	shobhit	vahi dimensions vali dikt face kr rhe
05/12/18	11:19 pm	psit shivam tripathi	itne parameters ho jayenge
05/12/18	11:19 pm	psit shivam tripathi	hard disk aur ram ke beech swapping shuru ho jayegi
05/12/18	11:20 pm	psit shivam tripathi	slow ho jayega bahut
05/12/18	11:20 pm	shobhit	or mt darao
05/12/18	11:20 pm	shobhit	aise hi himt nhi ho rhi
05/12/18	11:20 pm	psit shivam tripathi	slow ho ga lekin chal jayega
05/12/18	11:21 pm	psit shivam tripathi	tensorflow use karo
05/12/18	11:21 pm	psit shivam tripathi	100 instance run karo ek bar me
05/12/18	11:21 pm	shobhit	10 img pe train kr le kya
05/12/18	11:21 pm	psit shivam tripathi	ruk ruk ke chala sakte usme
05/12/18	11:21 pm	psit shivam tripathi	checkpoint banta hai
05/12/18	11:21 pm	psit shivam tripathi	toh parameters voh save kar leta hai temp file me
05/12/18	11:21 pm	shobhit	ye kaise krte h
05/12/18	11:21 pm	psit shivam tripathi	yeh toh pagal panti hai
05/12/18	11:22 pm	psit shivam tripathi	bata rah
05/12/18	11:22 pm	shobhit	ok
05/12/18	11:24 pm	shobhit	retrive kaise kare ge
05/12/18	11:24 pm	shobhit	agle run me
05/12/18	11:25 pm	shobhit	thanks
05/12/18	11:25 pm	psit shivam tripathi	yeh ek variable retrieve karta bas
05/12/18	11:25 pm	shobhit	try krte h
05/12/18	11:25 pm	psit shivam tripathi	tf ka documentation dekho
05/12/18	11:26 pm	shobhit	ok check krte h
05/12/18	11:27 pm	psit shivam tripathi	https www tensorflow org guide saved model
05/12/18	11:27 pm	psit shivam tripathi	lol
06/12/18	12:49 am	psit shivam tripathi	padh liya ppl
06/12/18	12:49 am	shobhit	nhi
06/12/18	12:49 am	psit shivam tripathi	toh padho
06/12/18	12:50 am	shobhit	ha
06/12/18	12:50 am	shobhit	ja rhe
06/12/18	12:50 am	psit shivam tripathi	are nahi
06/12/18	12:50 am	psit shivam tripathi	jao nahi
06/12/18	12:50 am	psit shivam tripathi	thand hai
06/12/18	12:50 am	psit shivam tripathi	ghar pe hi padh lo
06/12/18	12:51 am	shobhit	padlo
06/12/18	12:51 am	psit shivam tripathi	ok
06/12/18	6:49 pm	shobhit	batao
06/12/18	6:50 pm	shobhit	ye tf mul or tf multiply me advanced cmd kon si h
06/12/18	6:50 pm	psit shivam tripathi	so ke uthe hai
06/12/18	6:50 pm	psit shivam tripathi	abhi hame apna naam yaad nahi hai
06/12/18	6:50 pm	psit shivam tripathi	tum yeh kya punchh rahe ho
06/12/18	6:50 pm	shobhit	are
06/12/18	6:53 pm	psit shivam tripathi	advanced matlab
06/12/18	6:53 pm	psit shivam tripathi	maine tf matmul use kiya hai
06/12/18	6:53 pm	psit shivam tripathi	tf mul ka suna nahi
06/12/18	6:54 pm	psit shivam tripathi	tf multiply dekha abhi net pe toh usme element wise multiplication hota hai
06/12/18	6:54 pm	shobhit	dot
06/12/18	6:54 pm	shobhit	or array
06/12/18	6:55 pm	psit shivam tripathi	isme tensor hota hai
06/12/18	6:55 pm	psit shivam tripathi	kisi bhi dimension ka le sakte ho
06/12/18	6:55 pm	shobhit	ok
06/12/18	10:31 pm	shobhit	html ki pdf bej do
06/12/18	10:31 pm	shobhit	bhai complete vali
06/12/18	10:35 pm	psit shivam tripathi	2 pdf hai
06/12/18	10:35 pm	shobhit	ok
06/12/18	10:36 pm	shobhit	ajax nhi likha h kya
06/12/18	10:49 pm	psit shivam tripathi	wednesday ko li thi pdfs
06/12/18	10:49 pm	psit shivam tripathi	tuesday
06/12/18	10:49 pm	shobhit	ok
06/12/18	10:49 pm	psit shivam tripathi	70 lao tum
06/12/18	10:49 pm	shobhit	kyo bhai
06/12/18	10:49 pm	psit shivam tripathi	ajax hai toh
06/12/18	10:49 pm	shobhit	kya hua
06/12/18	10:49 pm	psit shivam tripathi	last 3 pages
06/12/18	10:50 pm	shobhit	ohk
06/12/18	10:50 pm	shobhit	start nhi kiya ky
06/12/18	10:50 pm	psit shivam tripathi	no
06/12/18	10:50 pm	shobhit	kr lo
06/12/18	10:50 pm	psit shivam tripathi	kyu
06/12/18	10:50 pm	shobhit	future ise hi h
06/12/18	10:54 pm	psit shivam tripathi	this message was deleted
07/12/18	8:14 am	shobhit	nhi
07/12/18	8:14 am	shobhit	subh hi kiya ta start
07/12/18	8:23 am	shobhit	ha
08/12/18	1:10 am	psit shivam tripathi	padhai karo
08/12/18	10:37 am	shobhit	december dakha
08/12/18	1:26 pm	shobhit	ye kya h
08/12/18	1:26 pm	shobhit	calendar
08/12/18	1:47 pm	psit shivam tripathi	yeh december hai
08/12/18	2:15 pm	shobhit	ha
08/12/18	2:15 pm	psit shivam tripathi	galat toh bole nahi bhai
08/12/18	2:16 pm	psit shivam tripathi	grammatically correct hai
08/12/18	2:16 pm	psit shivam tripathi	bhale hi semantically galat ho
08/12/18	2:17 pm	shobhit	ye sab likhna band karo
08/12/18	2:17 pm	shobhit	or questions sol karo
08/12/18	2:17 pm	shobhit	batao admit nikal gy
08/12/18	2:18 pm	psit shivam tripathi	haan
08/12/18	2:18 pm	shobhit	jiska nhi aa rha vo
08/12/18	2:18 pm	psit shivam tripathi	voh apna jaane
08/12/18	2:18 pm	psit shivam tripathi	ham kya bataye uska
08/12/18	2:18 pm	psit shivam tripathi	ham thodi aktu ke vc hai
08/12/18	2:18 pm	shobhit	banna le kya html se
08/12/18	2:18 pm	psit shivam tripathi	tum bhi yar kaisi batein karte ho
08/12/18	2:18 pm	psit shivam tripathi	haan yeh kar lo
08/12/18	2:19 pm	psit shivam tripathi	webtech master
08/12/18	2:19 pm	psit shivam tripathi	yeeeeeeee
08/12/18	2:20 pm	shobhit	3 dakha
08/12/18	2:25 pm	psit shivam tripathi	8 dekh rahe
08/12/18	2:25 pm	shobhit	are 3 karo
08/12/18	2:25 pm	psit shivam tripathi	chai bana rahe abhi
08/12/18	2:25 pm	psit shivam tripathi	chai pi le pehle
08/12/18	2:25 pm	shobhit	ok
08/12/18	2:25 pm	shobhit	ye lo
08/12/18	3:57 pm	shobhit	kiya
08/12/18	8:48 pm	psit shivam tripathi	webtech complete
08/12/18	8:52 pm	psit shivam tripathi	in dbms page 81 96 are written in right left order
08/12/18	8:53 pm	shobhit	ok
09/12/18	6:41 pm	shobhit	https www youtube com watch v zmvpwc1no2k feature youtu be
10/12/18	6:40 am	psit shivam tripathi	aur webtech master
10/12/18	6:40 am	psit shivam tripathi	gud morning
10/12/18	7:38 am	shobhit	bahut kaldi jagg gay
10/12/18	7:39 am	psit shivam tripathi	kaldi
10/12/18	7:39 am	psit shivam tripathi	jsp se msg bhej rahe kya
10/12/18	7:39 am	shobhit	jaldi
10/12/18	7:39 am	psit shivam tripathi	yeh kya hai
10/12/18	7:39 am	psit shivam tripathi	select query hai kya
10/12/18	7:40 am	shobhit	bhai bimar hogy h
10/12/18	7:40 am	psit shivam tripathi	haan
10/12/18	7:40 am	psit shivam tripathi	pata chala
10/12/18	7:40 am	shobhit	hmm
10/12/18	7:40 am	psit shivam tripathi	aur pehen lo sweater
10/12/18	7:40 am	psit shivam tripathi	hamari tarah half shirt me ghooma kari
10/12/18	7:40 am	shobhit	3 layer
10/12/18	7:40 am	psit shivam tripathi	karo
10/12/18	7:41 am	shobhit	ab toda tik h
10/12/18	7:41 am	psit shivam tripathi	half shirt pehenne se thand nahi lagti
10/12/18	7:41 am	psit shivam tripathi	thand jo hai aadmi ka confidence dekh ke bhaag jati hai
10/12/18	7:41 am	shobhit	haa
10/12/18	7:42 am	shobhit	soye nhi kya aaj
10/12/18	7:42 am	shobhit	or utt gy
10/12/18	7:42 am	shobhit	iiti jaldi
10/12/18	7:42 am	psit shivam tripathi	so liye
10/12/18	7:42 am	shobhit	hmm to 10 hr se soo rhe te
10/12/18	7:43 am	psit shivam tripathi	kal sham 4 8
10/12/18	7:43 am	psit shivam tripathi	ab jagenge
10/12/18	7:43 am	shobhit	acha installment me soye ho
10/12/18	7:43 am	psit shivam tripathi	haan
10/12/18	7:43 am	psit shivam tripathi	jab ati hai tab so jate
10/12/18	7:43 am	psit shivam tripathi	baki jagte rehte
19/12/18	9:43 am	shobhit	nlp kiya h
19/12/18	9:43 am	psit shivam tripathi	vahi kar raha abhi
19/12/18	10:13 am	shobhit	ok
19/12/18	7:51 pm	psit shivam tripathi	han dekha hai purana hai
19/12/18	7:51 pm	psit shivam tripathi	hihi
19/12/18	7:51 pm	psit shivam tripathi	hurrr
19/12/18	7:52 pm	shobhit	eco padho
19/12/18	7:52 pm	psit shivam tripathi	hurrrr
19/12/18	7:53 pm	shobhit	kiya train
19/12/18	7:54 pm	shobhit	kya
19/12/18	7:54 pm	psit shivam tripathi	http colah github io posts 2015 08 understanding lstms
19/12/18	7:55 pm	shobhit	theory hi kr rhe kya
19/12/18	7:58 pm	psit shivam tripathi	internal working me interested hai
19/12/18	7:58 pm	shobhit	ok
19/12/18	8:10 pm	shobhit	kya hua
21/12/18	9:43 am	psit shivam tripathi	kaggle com
21/12/18	9:43 am	psit shivam tripathi	pe dekho
21/12/18	9:43 am	psit shivam tripathi	dataset
21/12/18	9:45 am	psit shivam tripathi	https www kaggle com rahulvks text classification chatbot data
21/12/18	9:46 am	psit shivam tripathi	https www kaggle com eibriel rdany conversations
21/12/18	9:47 am	psit shivam tripathi	https www kaggle com nltkdata chat 80
21/12/18	9:47 am	psit shivam tripathi	https www kaggle com sarthaknautiyal whatsappsample
21/12/18	9:47 am	psit shivam tripathi	yeh launda toh mazaak kar raha hai
21/12/18	10:04 am	shobhit	bahut badiya
21/12/18	10:09 am	shobhit	stemming ke liye kon si lib use ki
21/12/18	10:11 am	psit shivam tripathi	jstl core
21/12/18	10:13 am	shobhit	jstl function hona chaiye
